Date,Close,High,Low,Open,Volume
1/5/2015,734.7776489,747.1707484,728.0177765,745.6344137,7380400
1/6/2015,707.9431763,721.7701914,707.0213753,715.7272737,11456000
1/7/2015,728.5299683,732.3195941,702.8219657,705.5873684,10361600
1/8/2015,750.4482422,755.5693575,733.6509839,737.7478761,10652000
1/9/2015,743.8934326,757.4131811,740.4110732,755.6720014,11038800
1/13/2015,739.7963867,742.9714785,724.7403063,729.5541551,4946800
1/14/2015,725.0475464,739.3866701,723.1015225,729.4517058,6354000
1/15/2015,757.8226929,758.2323821,723.4087957,724.8427081,12282800
1/16/2015,743.9956665,744.6102004,727.8129414,737.6454832,11002800
1/19/2015,761.3051758,763.6608894,746.9660496,752.8041224,6211200
1/20/2015,774.619873,775.5416738,762.1243522,764.0703759,6204400
1/21/2015,758.3348389,764.6850226,751.3701213,764.6850226,7338000
1/22/2015,751.0629883,756.1841051,746.2491385,753.3162797,6480400
1/23/2015,763.1488037,764.787561,754.7501724,754.8525947,4222800
1/26/2015,768.2698364,768.781948,748.9120176,756.0815801,3581200
1/27/2015,786.7057495,789.3687295,775.7465625,776.3610964,8675600
1/28/2015,777.1804199,781.4821566,770.3181258,776.873153,5440800
1/29/2015,769.0892334,776.1563738,763.9681172,765.0947627,6787600
1/30/2015,769.3964844,781.4823184,768.3722612,776.3612023,6634400
2/2/2015,762.6363525,767.2453555,754.8522587,758.1297719,4412400
2/3/2015,741.6400146,767.6552838,738.874612,764.0705026,10022000
2/4/2015,761.4074707,765.6067855,747.068347,750.9603948,7078800
2/5/2015,748.1950073,760.8953743,747.4780511,755.7742586,6885200
2/6/2015,704.5629272,716.8536019,698.8272791,715.7269568,18889200
2/9/2015,711.630127,712.7567722,700.5685188,708.0453465,9597600
2/10/2015,713.9858398,719.4142216,705.5872114,712.8591946,7709200
2/12/2015,728.9394531,734.2654123,719.2093354,719.2093354,8148000
2/13/2015,728.6323242,735.1873522,724.5354318,725.3548102,6658800
2/16/2015,722.1798096,727.7106151,717.9804943,727.6081928,6239600
2/17/2015,724.5354614,726.0717962,717.263477,719.0046564,4924000
2/18/2015,749.9362183,752.1895093,727.7105751,727.8129974,9440000
2/19/2015,756.7985229,757.4130569,749.3216936,751.2677177,6630400
2/20/2015,767.8600464,771.7520941,758.2323494,759.3589948,6291600
2/23/2015,776.258606,782.7112108,772.8786701,777.3852512,5801600
2/24/2015,772.9813232,777.1806388,767.5529398,777.1806388,5284000
2/25/2015,773.6981201,780.3555702,772.0593632,776.3611001,5238800
2/26/2015,777.7949219,778.8191448,770.6253611,771.8544287,5294800
2/27/2015,774.3127441,779.4338602,768.5770942,775.6442343,7788800
3/2/2015,771.2399902,779.6386196,768.9866994,777.9998627,6649200
3/3/2015,772.9813232,777.3854834,765.7093378,772.2643669,6406400
3/4/2015,772.0594482,780.8677678,754.1355422,770.4206911,7128000
3/5/2015,743.6883545,763.8655485,739.8987292,758.1298995,12234000
3/6/2015,744.3029785,746.5562695,734.3680138,742.9714884,7994400
3/9/2015,741.3328857,746.249158,734.9827008,740.1038177,4741600
3/10/2015,738.8744507,756.4910858,736.3138933,747.4779236,8849600
3/11/2015,733.036499,740.6157502,729.2468734,732.0122759,5750800
3/12/2015,731.090332,738.1574703,728.8370416,738.055048,7440400
3/13/2015,732.729187,735.0849001,722.1796894,734.3679439,19237600
3/16/2015,752.2919312,753.7258436,734.4704477,736.5188941,10326400
3/17/2015,747.1706543,757.9249954,746.4536982,757.6177286,5053200
3/18/2015,754.5452271,754.5452271,740.2061023,745.0199513,5768400
3/19/2015,753.828186,756.798433,747.5804253,748.8094929,10060800
3/20/2015,746.6585693,750.7554613,739.6938529,750.1409275,10718800
3/23/2015,780.4580078,783.4282548,751.8821831,751.8821831,12720000
3/24/2015,762.0221558,775.8491707,759.6664421,770.6256317,11015200
3/25/2015,756.6960449,767.9624993,753.9306425,765.8116307,9174800
3/26/2015,750.9605713,756.7986445,746.1467215,751.3702606,8015600
3/27/2015,752.1951294,768.1445473,744.4776691,757.8546003,9543200
3/30/2015,752.401001,754.4589906,737.8921742,746.9473285,11342000
3/31/2015,743.4486694,756.6198016,743.4486694,756.1053042,11612000
4/1/2015,729.8659058,748.5936084,726.0586256,743.3457357,16687600
4/2/2015,746.3299561,751.3720308,728.7341443,734.2907164,11339200
4/3/2015,754.6647339,754.9734323,739.1269135,743.3457919,4752400
4/6/2015,750.137146,753.4299291,743.1399819,749.3139502,5102000
4/7/2015,750.0343628,756.0025331,746.5357802,754.2532418,7310800
4/8/2015,757.0316162,757.8548122,746.6387668,748.4909578,7724800
4/9/2015,756.5170288,761.4562042,751.1662555,756.9286268,10370000
4/10/2015,754.6647339,757.957517,746.3298766,756.002427,9816800
4/13/2015,766.7039795,768.6590695,749.4168679,756.9285295,10181200
4/14/2015,764.3372803,768.0416613,756.208222,761.0444972,7900400
4/15/2015,766.8070068,769.6881926,751.4749827,753.018475,8043600
4/16/2015,784.5056763,786.152068,768.0417586,768.0417586,8718000
4/17/2015,779.7722168,789.0331695,779.0519205,782.0360052,7130800
4/20/2015,776.1705933,786.8721366,762.4849657,765.9835472,9182400
4/21/2015,786.9750977,787.1808966,776.2735534,781.8301245,6362800
4/22/2015,779.9779663,787.7983259,776.0677865,786.1519344,8279600
4/23/2015,789.1360474,789.4447458,776.8910102,777.920005,6716800
4/24/2015,803.0275879,806.3203714,785.7404743,790.2680516,11994000
4/27/2015,808.2753906,810.6420786,793.3549665,805.7029037,10937200
4/28/2015,833.3828735,843.7757208,816.4044596,816.4044596,14239600
4/30/2015,799.0144043,836.5727118,799.0144043,826.2827645,17315200
5/1/2015,795.824585,797.8825746,784.1969436,794.1781933,8283200
5/7/2015,793.5606079,797.4707873,778.4343878,784.0938579,8527200
5/8/2015,795.2072144,797.8826009,782.2418793,783.8882711,7438400
5/11/2015,787.6955566,817.4335078,785.1230695,809.6131469,10076000
5/12/2015,849.2295532,849.9498497,771.7462316,771.7462316,34816000
5/13/2015,835.5435791,840.8943508,826.488427,830.3986063,15500400
5/14/2015,836.0582886,838.7336751,823.2987528,823.2987528,10252000
5/15/2015,843.7758789,846.7599643,834.3091251,842.1294869,5897600
5/18/2015,850.5671997,855.3005763,841.4091449,845.6280241,8107600
5/19/2015,847.7886353,855.5060946,844.7016515,854.0655022,5996000
5/20/2015,867.4425049,871.4555841,849.3321987,852.4191827,8859200
5/21/2015,869.8093262,877.5267874,865.5904474,871.3528184,7095200
5/22/2015,865.0759277,872.0730924,860.4454511,870.5296002,7150400
5/25/2015,869.8093262,876.3948931,866.9281407,870.5296225,3247600
5/26/2015,871.7643433,876.6006185,869.0889569,871.9701422,3746400
5/27/2015,879.687439,881.2309308,860.3423415,866.5163088,7783600
5/28/2015,886.890625,895.5341814,880.8195556,881.8485504,7150000
5/29/2015,892.0357056,898.0038762,885.655937,888.6400223,7762800
6/1/2015,889.9776001,892.1384892,882.671737,884.9355256,3792000
6/2/2015,897.3865967,899.6503858,884.0096608,889.1546362,8507200
6/3/2015,893.1674194,893.9906152,885.449959,889.0514405,8565600
6/4/2015,911.1749268,912.718419,894.6081099,899.1356872,9403200
6/5/2015,894.0936279,909.3227518,891.9327387,902.4284862,9129200
6/8/2015,896.7689209,902.3254925,888.331164,898.518212,8868800
6/9/2015,884.9354858,896.5631265,883.1861948,889.0514648,11255600
6/10/2015,886.9935303,893.5790971,884.9355406,889.0515199,12924800
6/11/2015,888.4341431,894.8139111,880.5108828,887.3022487,6900400
6/12/2015,880.0993652,889.2574201,876.703682,888.5371237,11132000
6/15/2015,875.2629395,877.7325269,867.7512777,872.999151,4663600
6/16/2015,868.9860229,885.4499381,865.1787426,878.3498747,7016400
6/17/2015,849.6409302,872.3817132,846.8626445,864.5613534,8292400
6/18/2015,829.2669678,851.699056,829.2669678,850.5671616,7673200
6/19/2015,842.1292725,847.6858439,832.6625211,835.9553042,8006400
6/22/2015,844.1873779,849.6410507,831.8394397,832.6626356,7500800
6/23/2015,866.0021362,870.9413119,854.9918904,859.6223676,7981200
6/24/2015,855.6091309,871.7643484,855.3004324,870.6324541,6738800
6/25/2015,848.3032837,854.4772523,847.8916858,847.8916858,4032400
6/26/2015,866.0021362,876.9094825,838.013474,848.2005239,15185600
6/29/2015,828.9581909,849.229388,828.9581909,845.0105094,8560400
6/30/2015,850.9786377,874.2339185,821.7551875,834.2060237,19232000
7/1/2015,824.9450684,830.2958409,807.0405602,823.1957773,14058800
7/2/2015,834.7205811,838.6307613,823.5045377,831.0161998,8403200
7/3/2015,839.8655396,840.6887354,825.4596126,834.9263646,5866800
7/6/2015,812.1856079,826.4886358,811.2595126,823.6074504,7497600
7/7/2015,830.9133301,832.8684203,815.8900055,822.7842709,8270000
7/8/2015,792.7377319,828.9583552,792.7377319,827.7235612,13086000
7/9/2015,801.9985352,802.1014346,751.3719918,778.3316551,13159200
7/10/2015,823.1957397,832.3537924,806.0115287,813.9347877,13159200
7/13/2015,830.6046753,835.9554487,820.1089274,826.0770978,5446000
7/14/2015,842.7467041,850.4641648,839.2481219,845.2162915,7974000
7/15/2015,842.5408936,846.759772,837.9104172,842.7466925,4594000
7/16/2015,850.9786377,853.9627224,845.2162672,848.9206482,3710400
7/17/2015,862.9152832,862.9152832,848.4064524,850.1557441,4965200
7/21/2015,867.6483765,877.6296256,856.7410321,875.0571387,5506000
7/22/2015,854.4771729,862.5033313,851.1843899,861.0627387,5132000
7/23/2015,857.8729248,863.0178986,852.2134537,860.5483112,3460800
7/24/2015,856.2265015,859.3134856,846.0394538,852.0076231,3232000
7/27/2015,854.5800781,861.2685435,845.2162266,847.4800149,3368400
7/28/2015,850.4641113,860.0337619,840.8944607,859.6221641,5817200
7/29/2015,849.538147,858.1817037,844.2902732,853.0367295,6481200
7/30/2015,885.4500122,891.9326794,857.4613541,862.1947301,10503600
7/31/2015,889.1543579,889.1543579,869.3976588,876.7035215,4755200
8/3/2015,919.4067383,931.3430765,879.7904435,891.0064854,12397200
8/4/2015,959.2290649,968.3871197,939.369463,962.1102507,19220000
8/5/2015,953.6723022,959.2288737,943.588154,957.9940801,13481200
8/6/2015,941.6330566,983.8218396,940.2953635,964.9912365,9876800
8/7/2015,946.4692993,950.2765796,937.0025483,942.2504212,5306000
8/10/2015,948.630188,952.0258704,937.1054477,942.1475216,5867600
8/11/2015,936.796875,958.199967,931.8576999,954.3926863,7085600
8/12/2015,915.1879272,940.9127959,906.6472709,933.9156316,7806400
8/13/2015,920.5388794,923.0084673,907.2648446,911.1750254,5998000
8/14/2015,915.7023315,924.7574844,909.4254642,919.3038128,4995600
8/17/2015,926.5068359,934.2242963,918.2748783,920.2299682,3482000
8/18/2015,920.2301636,932.0636052,918.3779727,923.8316458,2629600
8/19/2015,902.4284668,917.7604898,898.209588,917.4517913,5752800
8/20/2015,885.6558228,896.5631676,884.1123306,892.6529874,5530000
8/21/2015,853.1396484,874.2340433,851.4932566,868.3687725,6615200
8/24/2015,812.7001343,847.9946577,812.7001343,831.2220416,15134000
8/25/2015,784.6085205,832.0451799,767.2185087,782.0360336,16660400
8/26/2015,831.0163574,831.0163574,787.6956682,789.1362612,10500800
8/27/2015,811.9797974,845.8337263,807.7609187,841.2032497,8149200
8/28/2015,854.3743286,856.843916,833.6915344,839.9684023,8096400
8/31/2015,849.8466797,893.2702538,837.0871461,893.0644549,23132400
9/1/2015,801.0723877,832.4567266,800.3520914,832.1480282,14648000
9/2/2015,802.7189331,828.3409065,783.9912257,786.6666124,9596000
9/3/2015,795.104248,815.2725453,794.3839517,808.7898783,8376400
9/4/2015,785.5346069,814.5522594,778.8461409,807.349296,11451200
9/7/2015,789.6506348,796.8535986,769.1736376,778.4345911,5084800
9/8/2015,778.6403809,794.7955995,775.7591954,789.2390275,7139200
9/9/2015,840.2771606,840.2771606,800.969559,804.4681413,9514000
9/10/2015,788.7245483,810.2305406,783.1679762,800.6608885,14110800
9/11/2015,779.2576904,789.444738,772.3634259,780.4924841,14131600
9/14/2015,769.9968262,778.9490811,764.7489526,775.3475993,7090000
9/15/2015,778.6403809,791.6057156,777.0968886,780.80127,9441200
9/16/2015,790.7825317,794.8985111,783.1679699,786.8723514,6559200
9/17/2015,791.6057129,828.1350289,788.415829,803.7478517,13813200
9/18/2015,794.0751953,799.7346661,770.7170161,787.7983278,8776000
9/24/2015,761.2503052,773.1866441,760.2213104,765.3662841,9766000
9/25/2015,776.6852417,776.6852417,755.0763518,761.0445214,6842000
9/28/2015,763.0481567,787.0160923,758.915754,779.3711474,7496000
9/29/2015,733.914917,752.0974938,731.8487151,752.0974938,9126000
9/30/2015,756.6430664,763.8747724,745.4855772,752.0974226,10216000
10/1/2015,776.6852417,785.5699093,740.1134705,754.3702627,10416000
10/2/2015,758.2960205,775.2388744,752.5106558,773.1726727,11229600
10/5/2015,755.8165894,765.9409778,747.5517825,765.7343576,12051200
10/6/2015,767.1806641,781.8506956,764.9078423,773.5858891,10773200
10/7/2015,796.520874,800.2400376,758.2961369,758.2961369,10159200
10/8/2015,796.7275391,808.298271,793.6282359,795.4878178,8870000
10/9/2015,824.4143677,824.4143677,804.3722139,804.7854542,12824800
10/13/2015,809.7443848,823.5879351,802.7192995,819.8687723,8370800
10/14/2015,787.8427734,809.9511335,782.0574082,808.9180325,8649600
10/15/2015,807.8848877,816.7695553,789.2890719,793.6280956,7764800
10/16/2015,814.0835571,823.3814658,810.7776341,818.4225812,4201200
10/19/2015,798.3804321,820.0755526,791.9752061,810.984264,5755600
10/20/2015,803.7525635,818.6292176,796.1076162,808.7114482,4682400
10/21/2015,814.703186,817.1826276,795.6941338,802.5125982,5628000
10/22/2015,808.7114258,817.1828536,799.206897,802.3061999,3072400
10/23/2015,829.1668091,833.9190734,823.3814439,826.4807467,5781200
10/26/2015,820.2822876,842.803892,819.6624269,838.0516268,7462400
10/27/2015,826.0673218,829.373244,817.595896,820.0753377,7185200
10/28/2015,833.0927124,847.7627478,825.034524,830.2000294,8318800
10/29/2015,825.4476318,846.5228905,820.9019878,840.7375254,8056800
10/30/2015,824.4143677,831.8526928,812.0171591,823.1746468,6664000
11/2/2015,804.5788574,818.6290275,802.0994156,809.9509813,4951600
11/4/2015,816.3562622,828.1336115,815.1165412,815.1165412,8030000
11/5/2015,820.4888306,838.2581681,818.4226285,830.4066004,9457200
11/6/2015,813.8768921,828.5469249,805.1988445,827.3072038,7373600
11/9/2015,818.2159424,820.2821443,810.7776156,812.6371973,7840800
11/10/2015,816.1497192,816.1497192,804.9922294,812.8437963,4719600
11/11/2015,814.0835571,820.2821629,810.7776341,814.7034177,5397600
11/12/2015,809.9511719,814.290196,804.9922871,812.8438546,4989600
11/13/2015,802.3060913,807.058355,793.8346646,807.058355,6857600
11/16/2015,795.4876099,797.5538114,785.5698423,785.5698423,4123200
11/17/2015,801.6864014,808.9181086,798.5870983,804.3724641,6179600
11/18/2015,797.553772,813.2569032,796.3140511,807.2649189,6608000
11/19/2015,804.1657715,806.4385936,797.1406851,806.4385936,5137200
11/20/2015,793.6281128,801.6862998,788.4626083,792.8016321,6379200
11/24/2015,797.140564,797.5538043,789.7022383,795.6942229,4650400
11/25/2015,786.6030273,790.735431,775.858778,788.6692291,5982400
11/26/2015,793.6281128,799.2068577,785.5699258,786.6030267,4608000
11/27/2015,791.1486816,804.9922339,788.6692394,799.8267293,5683600
11/30/2015,782.057312,792.5949403,781.6440717,790.941979,7780000
12/1/2015,806.4385986,807.88494,783.2971374,788.256022,9153600
12/2/2015,802.5128174,810.5710048,802.5128174,806.8518414,5455600
12/3/2015,801.6864014,808.9181086,797.7606174,801.6864014,6406000
12/4/2015,778.9580688,790.5287988,775.8587662,788.2559768,7589200
12/7/2015,778.5448608,786.6030481,777.7183801,785.1567068,3644800
12/8/2015,770.4865723,784.1235027,768.2137505,778.3381383,4620800
12/9/2015,768.4204102,771.1064724,763.4615261,771.1064724,8744400
12/10/2015,764.4946899,767.5939927,752.3040989,757.882844,6419200
12/11/2015,764.4946899,765.5277909,754.1636806,756.4365027,11688400
12/14/2015,752.0973511,753.5436921,738.8736614,745.8987465,7411200
12/15/2015,746.3121338,757.4696242,745.6922732,750.4445376,7734000
12/16/2015,765.527771,770.073415,756.436483,759.5357857,9118000
12/17/2015,774.8257446,783.7104132,769.0403791,772.7595426,11624800
12/18/2015,757.4696045,793.0082766,756.2298834,774.8257002,9640000
12/21/2015,761.6019897,766.5608741,752.0974614,758.502687,9988000
12/22/2015,755.4034424,761.3954281,748.9982163,759.1226059,5193600
12/24/2015,758.2960205,770.4866105,756.6430592,760.3622222,5939600
12/25/2015,758.2960205,758.2960205,758.2960205,758.2960205,0
12/28/2015,762.4284058,768.4203905,752.5106379,753.5437387,7290000
12/29/2015,765.527771,768.0072132,754.9901418,758.5026848,4427600
12/30/2015,765.114502,774.2057896,763.6681607,768.6270449,5153600
1/4/2016,738.2539063,762.4284674,734.7413632,755.4033813,5594800
1/5/2016,735.1546021,745.0723707,732.2619195,743.0061689,6349600
1/6/2016,719.8646851,734.9479577,712.8395992,733.9148569,8709200
1/7/2016,722.1375122,750.237856,718.6249692,743.8326306,13030000
1/8/2016,717.1787109,737.2208702,706.0212202,709.1205232,13052800
1/12/2016,708.5006714,718.2118209,704.988128,705.4013684,8679600
1/13/2016,726.4765625,730.8155863,710.1535681,712.6330103,8636400
1/14/2016,700.0292358,709.7403852,686.1856825,708.7072842,8878000
1/15/2016,693.0039673,714.2858422,686.8053629,710.5666796,7357600
1/18/2016,681.0202026,685.7724674,660.5648021,673.7884954,7850000
1/19/2016,694.2436523,697.7561946,673.3750187,677.0941812,8888400
1/20/2016,665.3170166,691.9710213,664.697156,689.491579,7226000
1/21/2016,641.1424561,671.1023839,640.7292157,667.5898406,13355600
1/22/2016,680.6068115,682.6730131,662.2176172,665.5235397,7806400
1/25/2016,681.8466797,684.3261222,672.5487704,683.9128817,4958400
1/26/2016,666.1434326,673.788379,665.3169519,669.4493554,5720400
1/27/2016,741.7663574,772.5527606,694.8635822,752.9238458,48575200
1/28/2016,746.5186768,759.5357475,736.8075287,741.5597927,14544400
1/29/2016,755.4034424,768.627135,719.6581482,739.7003074,22357600
2/1/2016,755.1967773,770.8999114,750.6511333,760.1556618,8912400
2/2/2016,734.9480591,747.9651318,730.815655,740.7334247,10262800
2/3/2016,689.0783691,708.9139084,685.5658257,702.7153024,14721600
2/4/2016,691.5578613,696.7233667,673.995143,681.8467112,6928800
2/5/2016,665.9368896,672.7553561,657.2588414,668.416332,12732800
2/8/2016,667.3831177,673.7883426,649.6137839,662.630854,9159200
2/9/2016,607.2566528,629.9848705,606.223552,619.8604826,13423600
2/10/2016,596.8223267,614.9015905,584.218497,607.669885,12794800
2/12/2016,551.8824463,578.639757,550.1261749,577.8132763,15878400
2/15/2016,594.5496216,600.1283669,579.5696572,579.5696572,8946800
2/16/2016,594.1362915,605.1904705,583.1854226,589.1774075,6406000
2/17/2016,577.7099609,590.2104805,569.2385345,589.4873099,10927200
2/18/2016,602.5045166,607.8766419,590.4172346,596.0992903,15171600
2/19/2016,592.6899414,597.5455153,586.6979566,595.0660733,11632000
2/22/2016,580.4993896,583.3920721,555.9115885,580.2927695,9621200
2/23/2016,572.2346191,582.2556984,562.4201601,578.1232946,13216800
2/24/2016,563.1433105,568.205505,551.3659601,561.9035894,10471200
2/25/2016,582.4622192,587.3177929,572.5444518,577.9165758,12364000
2/26/2016,581.9456177,590.8302836,581.6356875,588.6607721,7928400
2/29/2016,583.8053589,604.157448,583.8053589,592.2767869,8557600
3/1/2016,572.2346191,575.9537826,556.8414149,567.3790447,13096000
3/2/2016,599.7150269,603.2275696,590.3138094,592.8965614,12843600
3/3/2016,608.3930054,609.6327262,593.8262854,597.9586882,9175200
3/4/2016,607.3600464,612.8354814,601.7813013,608.083217,8004400
3/7/2016,607.8765869,610.5626493,592.9999335,609.0129979,11701600
3/8/2016,585.0449829,591.4502079,580.2927192,583.4953317,42892800
3/9/2016,586.1813965,589.0740787,577.5033497,584.7350554,18335200
3/10/2016,619.5507202,624.8195357,599.301939,605.3972354,22461600
3/11/2016,623.992981,627.5055242,603.3309617,610.6659785,17413200
3/14/2016,627.7121582,638.6630286,625.0260956,637.6299277,11434400
3/15/2016,630.6048584,646.3079938,628.125416,635.5637433,11732800
3/16/2016,625.645874,633.7040606,624.6127732,628.1253161,5942800
3/17/2016,626.6790771,646.5146167,618.5175791,631.637962,8503200
3/18/2016,623.5797729,631.6379609,613.9719335,628.3320376,9287200
3/22/2016,615.9347534,634.9438099,607.7732563,632.2577476,9764800
3/23/2016,610.5626831,622.3400344,608.9097215,617.5877698,6395200
3/24/2016,607.8765869,610.9758897,597.958818,607.8765869,7730800
3/25/2016,621.9267578,624.4062,605.2938329,609.7361669,6378800
3/28/2016,629.5717773,629.5717773,621.1003488,627.5055753,6336000
3/29/2016,633.3117676,635.3895621,621.05278,623.3383539,5548800
3/30/2016,627.7017212,641.6229444,627.4939417,635.8051198,10116000
3/31/2016,625.6238403,636.4283703,625.4160609,631.0261053,10701200
4/1/2016,594.0412598,630.402652,590.4051205,627.0781819,11236000
4/4/2016,606.1964722,608.5859356,586.7690959,593.9374861,14406000
4/5/2016,581.0552368,603.9109765,580.8474574,603.7031971,11290400
4/6/2016,601.5215454,611.0794007,588.4314392,591.4442415,18654000
4/7/2016,604.6380615,616.1698184,595.9113266,613.3647964,12068000
4/8/2016,610.871521,620.9488233,595.2880638,604.6381381,17022800
4/11/2016,596.6386108,606.5081334,585.9379706,605.2614569,10297200
4/12/2016,608.5860596,612.5338694,592.3792611,596.8465197,10232000
4/13/2016,619.2865601,621.3643543,607.7548023,617.1048762,11852800
4/14/2016,635.597229,635.8050084,621.8837876,629.7794054,9488400
4/15/2016,622.5072021,631.0261592,618.6632825,624.792776,9040400
4/18/2016,613.9882813,622.2994593,604.0148675,604.0148675,11976400
4/19/2016,633.5194702,637.2594999,624.169396,629.7794405,7394400
4/20/2016,627.2861938,643.7007713,625.6239582,638.9218437,9304800
4/21/2016,660.7385864,665.9330722,645.7784675,652.4274092,17106400
4/22/2016,670.7120361,671.9587128,647.4407387,650.9729892,13098400
4/25/2016,654.0897217,666.5564889,648.0641175,661.7775615,13652800
4/26/2016,639.1294556,655.3362493,635.5972056,654.5051317,15578800
4/27/2016,654.2974243,661.3619249,647.0251443,649.5184974,37007600
4/28/2016,638.9216919,670.7119419,629.5716184,664.4785596,18804400
5/2/2016,594.1453857,609.9366252,590.8209143,608.5860587,16411200
5/6/2016,603.2875977,609.8326499,595.2880893,604.5342743,11568800
5/9/2016,601.4175415,608.793711,596.8463942,608.5859316,6712800
5/10/2016,608.4819946,614.1959283,598.0930243,604.0147374,13876800
5/11/2016,632.8961182,648.6873542,631.8572211,637.6750449,17698400
5/12/2016,633.5194702,635.389485,607.0275934,620.4293664,10394000
5/13/2016,608.274231,628.3249443,607.3392236,623.3382384,16814800
5/16/2016,600.482666,607.6510577,597.5737534,606.1966014,13870400
5/17/2016,599.0280151,601.9369268,594.6646477,596.9502211,11726400
5/18/2016,542.9277344,601.4176529,509.0596821,594.2492615,104542400
5/19/2016,562.1472168,585.4185117,560.9005403,571.1856215,47550000
5/20/2016,566.0949707,569.9388896,545.6287,558.9265815,24032400
5/23/2016,570.6663208,574.510241,558.1995525,566.0951724,16112800
5/24/2016,563.4978027,571.9128695,563.0822439,567.757281,10860400
5/25/2016,568.1729126,571.9129427,565.6795592,571.3934941,11650800
5/26/2016,579.4968262,587.8080033,576.5879142,578.0423702,16266000
5/27/2016,583.0290527,586.2496337,579.704582,581.7823762,8859600
5/30/2016,597.0542603,597.7814883,586.2497287,588.8469718,7885200
5/31/2016,591.963623,597.9892268,582.8213277,591.1325053,12950800
6/1/2016,606.8198242,613.9882145,599.5475442,603.7031328,23595200
6/2/2016,593.4180908,603.1837247,588.4313842,600.067033,11830400
6/3/2016,586.769165,594.6647841,583.8602527,593.210328,10446800
6/6/2016,572.8479004,578.146276,566.9261865,576.3801508,14740400
6/7/2016,562.9783936,573.2634759,560.6928197,572.9518067,20862000
6/8/2016,578.0422974,580.951209,567.8611066,569.1077831,16401200
6/9/2016,580.7433472,588.1195149,577.4188772,578.7694431,11878400
6/10/2016,580.8474121,589.9897073,575.9645954,589.9897073,13586000
6/13/2016,562.666748,569.107911,561.0045125,567.8612343,8274000
6/14/2016,564.5367432,569.2117806,560.5889338,561.0044927,11648400
6/15/2016,573.6789551,576.899536,558.9266169,562.770536,9236000
6/16/2016,562.4589844,577.4191051,559.9656309,573.7829647,14836400
6/17/2016,574.0945435,576.5878965,566.5105945,573.6789846,11478000
6/20/2016,569.2116699,579.4967503,557.4721337,578.0422945,17888000
6/21/2016,580.951355,581.1591344,562.1473143,569.1079261,8093600
6/22/2016,602.9758301,606.4041902,590.093507,591.3401835,16643600
6/23/2016,607.9626465,609.1054334,598.5086819,607.3393082,13778000
6/24/2016,568.0690918,614.1961358,557.4723384,609.8327668,19128400
6/27/2016,553.1088867,568.0690069,537.7332077,567.2378891,15336000
6/28/2016,550.4077148,554.5633035,536.4864929,543.8626627,10387600
6/29/2016,563.7056274,566.7184294,551.9660889,560.2772666,9687600
6/30/2016,572.1207275,586.6652893,571.2896097,578.8735598,14067600
7/1/2016,569.2116699,582.5095516,567.1338759,582.5095516,12835200
7/4/2016,565.9912109,568.2767848,553.6283339,561.0045042,7772400
7/5/2016,563.1861572,565.8872899,557.5761125,559.1344583,5666400
7/6/2016,544.1743774,554.4594602,536.3826481,552.7972246,13366400
7/7/2016,552.4855347,562.043389,549.368843,552.6933141,9354000
7/8/2016,559.1344604,564.3289463,555.0827615,557.7838941,11590000
7/11/2016,559.1344604,559.1344604,559.1344604,559.1344604,0
7/12/2016,600.1708374,613.1570508,594.9763521,599.6513889,14415600
7/13/2016,632.0650635,635.3895346,620.9488633,630.1950485,27794800
7/14/2016,633.3117676,633.9351059,623.1305745,628.1172813,12968800
7/15/2016,641.8307495,645.9863387,634.1429095,636.4284836,14458000
7/19/2016,651.1807251,652.8429605,640.3761949,652.0118428,8135600
7/20/2016,659.2841187,660.5307952,649.9340445,652.4273976,10514000
7/21/2016,660.5307617,677.3608944,656.3751734,665.9330265,14393200
7/22/2016,661.9850464,667.5950892,648.0638292,651.8038577,11184000
7/25/2016,650.3495483,663.4396511,649.7262101,653.4662395,10267200
7/26/2016,641.2073364,647.23294,638.5062038,646.4018223,8201200
7/27/2016,643.7006226,657.6218433,633.7272107,655.7518285,17956800
7/28/2016,644.1162109,648.2717994,633.5194604,633.7272398,11614000
7/29/2016,662.4006958,662.8162546,633.5193606,641.6227568,17442400
8/1/2016,659.2841187,662.8163689,643.9084411,647.8562502,9951600
8/2/2016,662.6085815,666.3486112,652.8429486,655.3363017,11465200
8/3/2016,637.2595215,650.5574052,635.3895066,644.3240222,11436400
8/4/2016,680.8931885,686.7110125,664.0630547,671.1275553,24181600
8/5/2016,689.8277588,702.2945255,687.5421849,695.4378038,17316000
8/8/2016,709.7744141,711.4366492,696.4765328,702.0865764,12512800
8/9/2016,701.0476685,709.3588441,689.4120225,709.3588441,7152000
8/10/2016,683.5943604,699.3855979,679.8543304,695.230009,11464800
8/12/2016,681.9320068,684.6331391,675.0752865,681.1008892,9935600
8/15/2016,675.4908447,684.4253591,673.8286095,678.191977,6094400
8/16/2016,662.8163452,679.6464781,662.8163452,674.8675515,7463200
8/17/2016,675.6987305,678.6076426,661.1541698,661.7775082,9369600
8/18/2016,670.2964478,683.8021108,667.1797563,675.698713,7724400
8/19/2016,679.6464233,683.1786732,675.6986147,679.4386439,9388000
8/22/2016,678.3997803,684.4253832,678.3997803,682.7631479,4550000
8/23/2016,668.842041,683.5943818,666.3486876,683.5943818,5830800
8/24/2016,679.6464233,681.7242174,671.5430267,671.5430267,6402000
8/25/2016,673.413269,678.1921969,669.881018,676.1144022,7152800
8/26/2016,674.8676147,679.2309829,672.3742615,675.2831736,8730000
8/29/2016,688.7888794,702.5023231,688.5810999,691.6977917,8924000
8/30/2016,692.1133423,700.0089613,690.0355478,691.9055628,5262400
8/31/2016,712.475647,718.9168091,700.6322198,706.6578231,17862400
9/1/2016,721.8257446,729.9291425,708.7356405,712.6834496,12768400
9/2/2016,723.0724487,725.9813609,713.5145945,717.046845,8906400
9/5/2016,718.5011597,731.7990412,717.2544833,731.3834824,5501600
9/6/2016,725.3579712,726.6046477,718.0856913,723.9035152,4320800
9/7/2016,719.9555664,724.1111541,709.982156,715.5921993,7421200
9/8/2016,730.9680786,732.2147553,718.9168709,719.7479887,9680400
9/9/2016,724.5268555,733.0458119,723.0723995,730.9680176,8766800
9/12/2016,709.5667114,717.6701087,706.4500202,713.0989615,7086800
9/13/2016,722.4491577,727.0203057,714.9690974,714.9690974,6860000
9/14/2016,718.9168091,727.2279861,711.6445292,716.423456,5022400
9/15/2016,705.4110107,717.0466563,702.29432,714.5533037,7521600
9/16/2016,719.1245117,722.0334234,705.2032918,712.2677914,10780400
9/20/2016,697.1000366,708.7356855,690.8666533,704.5800966,12322000
9/21/2016,725.1501465,725.1501465,693.9832347,697.5154847,15324000
9/23/2016,724.5268555,729.9291205,712.8912077,715.1767813,9740400
9/26/2016,719.9555664,730.3445356,718.5011107,725.5656098,8399200
9/27/2016,716.0079956,716.8391134,702.2945517,712.6835244,8995200
9/28/2016,711.4140015,717.2606678,706.4025732,712.458049,5378800
9/29/2016,714.7550049,720.8104811,713.5021477,716.007862,6220800
9/30/2016,701.6000366,702.6440843,685.730512,696.3797983,11781200
10/3/2016,708.4907227,713.7109608,694.0828653,698.0502463,9910000
10/4/2016,698.4678955,705.9850388,693.0388476,697.6326574,12861200
10/5/2016,724.5691528,724.9867719,698.0503395,698.4679586,11046000
10/6/2016,728.536377,743.7794711,726.8659009,731.8773291,9228400
10/7/2016,735.2183228,737.724037,731.8773704,735.8447513,6733200
10/11/2016,724.9868164,737.0977713,724.1515781,735.8449139,7910800
10/12/2016,716.6342163,721.2280254,712.4580262,719.5575494,9383200
10/13/2016,732.7126465,752.7583615,728.9540749,745.4500279,23896800
10/14/2016,747.3292847,751.2966656,740.0209513,747.3292847,12623200
10/17/2016,749.6262207,753.8024113,747.1205063,751.296697,6826000
10/18/2016,740.6473999,751.7143049,739.6033523,751.7143049,8955600
10/19/2016,740.2297974,742.7355118,735.009559,739.1857497,7282000
10/20/2016,746.9117432,752.3407913,741.0650759,741.2738854,7572000
10/21/2016,761.9460449,771.5512842,755.890568,760.066759,11139200
10/24/2016,758.8139038,762.7812853,753.5936651,759.649142,6761200
10/25/2016,777.3979492,777.8155683,763.4077095,766.3310431,10150000
10/26/2016,771.1335449,778.2330685,767.3749736,776.1449733,6468000
10/27/2016,768.836731,779.9036366,767.3750642,773.8481599,7266000
10/28/2016,773.2216797,789.7176323,769.6719177,783.4533465,17323600
10/31/2016,778.8594971,780.1123542,768.6278308,769.2542593,6449600
11/1/2016,776.7714844,780.7388656,771.968865,780.5300561,9955200
11/2/2016,762.781311,768.6279786,756.0994052,766.7486926,6885600
11/4/2016,746.2852783,753.8024216,739.1857541,749.6262309,8306000
11/7/2016,799.9492798,819.5773749,787.4207084,819.3685654,29196800
11/8/2016,827.7210083,827.7210083,807.8841022,814.3571979,20376400
11/9/2016,781.5740967,830.4355283,743.570761,818.5333847,29176400
11/10/2016,838.9967651,840.0408129,826.0505731,831.0620023,18513600
11/11/2016,801.4110718,849.646079,799.1141667,847.3491739,24264400
11/14/2016,790.5529785,798.6965512,774.0570236,786.7944065,22746800
11/15/2016,769.0457153,792.4323893,767.3752386,788.8826263,18962800
11/16/2016,775.1009521,781.9916664,767.1661902,776.5626188,17352000
11/17/2016,774.8921509,777.6066747,768.210246,773.4304842,11740800
11/18/2016,810.3897705,811.6426277,786.1678655,787.2119131,17402000
11/21/2016,810.1811523,819.9952024,806.6313896,812.2692481,11101600
11/22/2016,790.9705811,814.3572508,788.4648664,814.1484413,13474800
11/24/2016,798.4876709,803.2902903,789.5088608,796.6083851,18973600
11/25/2016,783.4534302,809.3458143,775.7274768,803.4991469,22985600
11/28/2016,771.3424072,778.6507408,755.4728829,775.5185978,23266000
11/29/2016,758.1873169,769.2542207,756.5168408,768.4189827,28123600
11/30/2016,768.4190063,774.4744822,762.154721,765.9132922,21496800
12/1/2016,798.2789307,808.5105989,789.5089293,797.4436924,21292800
12/2/2016,791.3881226,798.9052657,787.629551,797.443599,10698800
12/5/2016,793.4761353,794.3113733,780.9475647,784.4973264,9398000
12/6/2016,813.7307129,823.335951,807.6752367,813.1042843,16107200
12/7/2016,814.3572998,817.4894433,807.8842033,813.313252,7646800
12/8/2016,818.3244629,826.2592242,808.7192255,823.7535101,12436000
12/9/2016,835.6558228,837.3262992,820.6215351,832.9412986,15796800
12/12/2016,834.6116333,847.1402042,828.9737764,840.2494902,10598800
12/13/2016,841.5023804,841.9199994,823.3359518,836.4909518,9181600
12/14/2016,842.1289063,850.4812882,839.8320012,846.7227163,6939200
12/15/2016,852.3603516,864.2624927,844.0079718,849.8546376,11407200
12/16/2016,861.3392944,862.8009611,850.6900086,860.7128659,8487200
12/19/2016,878.0441284,882.6379384,855.4926978,859.8776982,11899600
12/20/2016,869.2739258,878.670353,857.3717846,876.9998771,9845600
12/21/2016,861.9656982,873.4502218,857.1630793,863.4273649,7957600
12/22/2016,870.1092529,872.8237766,865.3066341,866.1418721,5368400
12/26/2016,860.7127686,865.7241966,857.7894355,865.3065776,4513200
12/27/2016,872.8238525,873.8679002,857.1631375,859.6688519,5791600
12/28/2016,874.0766602,880.7585649,869.0652316,879.0880887,5855200
12/29/2016,860.7127686,869.0651486,854.0308645,868.6475296,5522400
12/30/2016,859.0424805,861.548195,849.4372413,851.9429558,4795600
1/4/2017,898.9248657,899.5512942,875.747012,879.9232019,13034000
1/5/2017,893.7047729,901.0131064,885.7700109,896.2104873,7818000
1/6/2017,891.6168213,902.4749184,879.7146764,882.4292006,7443600
1/10/2017,887.4404297,897.4632863,876.7911445,886.3963821,9503600
1/11/2017,878.8793945,889.9463007,875.5384417,887.4405861,6270800
1/12/2017,882.8468018,886.3965642,863.009894,874.9120386,7958000
1/13/2017,898.0897827,901.0131161,882.6378776,885.9788301,9092400
1/16/2017,891.6168213,906.0246809,888.0670588,896.8370603,6026000
1/17/2017,880.1321411,894.7488078,876.5823792,891.6166649,6505200
1/18/2017,888.0670776,889.1111255,864.2627873,878.2530281,6821600
1/19/2017,897.8809204,911.453539,889.5285398,909.3654438,6318000
1/20/2017,895.7929077,903.1012415,893.7048124,896.8369554,6408800
1/23/2017,885.1436768,892.6608205,878.0441521,881.5939144,5418400
1/24/2017,888.9021606,894.3312084,879.0881128,882.6378748,7424400
1/25/2017,898.298584,911.2447746,890.1550124,902.0571555,5511600
1/26/2017,928.1583862,930.6641007,912.080052,912.9152901,12520800
1/27/2017,931.708374,933.5876603,921.8943235,931.4995644,9727600
1/30/2017,925.8614502,928.5759741,921.4764501,927.5319264,5086800
1/31/2017,912.2886963,920.2234572,908.3213158,911.4534583,6173200
2/1/2017,930.4552612,931.9169279,897.4633556,905.6069273,9136400
2/2/2017,922.7294922,937.7637813,919.1797295,932.3347324,8152000
2/3/2017,939.2253418,945.6984377,932.1258172,934.0051031,8873600
2/6/2017,934.6313477,953.8418222,929.41111,950.5008701,10059200
2/7/2017,918.7619629,929.6200588,909.3655337,925.2350585,9420400
2/8/2017,930.8728638,931.7081019,917.0914351,928.993578,6924800
2/9/2017,916.46521,926.9056885,914.1683047,924.6087833,6700000
2/10/2017,943.8192139,949.0394529,934.6315932,938.1813557,8149600
2/13/2017,940.4779053,950.9183794,932.7519545,950.0831414,6438400
2/14/2017,931.081543,948.2039216,928.993448,945.9070172,4795200
2/15/2017,934.005188,938.5989984,930.0378062,937.9725697,4974400
2/16/2017,940.0604858,940.0604858,929.2023905,933.7962001,6168400
2/17/2017,922.9382324,929.6201382,920.4325178,929.2025191,5205200
2/20/2017,919.597229,922.9381817,911.2448473,915.8386572,3854800
2/21/2017,942.1485596,945.2807024,924.8173693,929.2023693,6402400
2/22/2017,942.1485596,950.5009404,939.6428453,942.5661786,4843600
2/23/2017,933.7962036,940.2692989,929.202394,939.6428704,4271600
2/24/2017,933.5874634,937.1372256,927.7407962,930.4553202,3768400
2/27/2017,920.2236328,927.3231571,913.7505371,925.0262522,5193200
2/28/2017,917.5090332,935.0490329,915.838557,929.2023664,6116400
3/1/2017,927.322876,929.8285897,915.6295454,918.970497,6740400
3/2/2017,948.2039795,955.9299313,945.4894559,947.99517,6875200
3/3/2017,949.6660156,958.0183992,946.5338718,955.5126841,4511200
3/6/2017,957.3917847,958.644642,945.9072594,953.4244032,3938400
3/7/2017,949.4569092,957.3916711,946.3247663,957.1828616,4316400
3/8/2017,962.6118164,962.6118164,942.148485,943.401342,6356400
3/9/2017,993.5157471,994.7686043,972.634794,974.3052702,11419600
3/10/2017,994.1422729,1005.209179,992.0541774,1001.868226,11361600
3/13/2017,999.571167,1003.120929,988.713072,993.93331,4984400
3/14/2017,1001.659485,1002.703533,992.6806736,992.6806736,4814800
3/15/2017,1002.494568,1003.747425,996.6479009,996.6479009,4374800
3/16/2017,1006.670654,1006.670654,994.7685121,995.3949407,5236400
3/17/2017,1003.329956,1003.956385,995.6040022,996.0216213,6406400
3/21/2017,998.3183594,999.7800261,990.5924068,993.5157402,5363600
3/22/2017,993.9334106,996.8567442,985.16341,987.0426958,8350400
3/23/2017,985.163147,987.0424323,975.1402917,985.163147,9897200
3/24/2017,984.5369873,988.295559,974.7229389,979.3167488,7276000
3/27/2017,968.6676025,978.0640333,966.3706973,971.7997461,7233200
3/28/2017,980.7783813,981.822429,972.426,977.4374288,6606400
3/29/2017,987.9185791,990.858813,982.4581448,984.7683285,4184000
3/30/2017,978.6781616,990.8591344,975.9479436,983.5085474,5170800
3/31/2017,970.6975708,991.9092659,970.6975708,987.0788799,6790000
4/3/2017,964.1871948,980.1484727,957.4666568,978.678355,6859200
4/4/2017,966.9172974,976.9981032,957.0465083,963.3470119,7782800
4/5/2017,961.036499,974.8976024,952.845847,969.0171343,6931200
4/6/2017,951.3760376,964.8171119,948.2257858,956.6264572,7496000
4/7/2017,948.2258301,958.3066362,936.8849231,957.4665691,8240400
4/10/2017,961.87677,974.6877925,959.9866192,966.287122,6203600
4/11/2017,954.7362061,960.6166754,948.4357032,953.4761055,7778800
4/12/2017,940.8753052,950.1160448,929.9544311,948.8559439,8464400
4/13/2017,939.1950073,940.0350744,925.5439171,934.9946719,5438000
4/14/2017,929.1141968,945.0754714,925.7539284,945.0754714,6820400
4/17/2017,927.4341431,930.3743781,919.2434883,924.0738744,4031600
4/18/2017,928.4845581,940.4555194,926.8044232,930.7947436,4400400
4/19/2017,923.8637085,927.2239766,914.6229712,921.5535242,9195200
4/20/2017,937.0949707,943.8155084,925.124013,927.0141642,8022800
4/21/2017,944.6555786,950.3260323,937.5150073,945.0756122,5529200
4/24/2017,950.5361938,960.6170019,944.6557225,955.5765979,6116000
4/25/2017,954.5261841,958.3064858,941.9251784,943.1852789,4891600
4/26/2017,972.1676025,973.4277031,958.9365464,959.9866302,8270000
4/27/2017,974.0578613,981.8284825,967.7573577,970.2775591,5906400
4/28/2017,976.9979858,978.2580864,964.39698,970.0674326,6348400
5/1/2017,981.1983643,984.3486159,967.9673075,969.8574585,5000400
5/2/2017,989.5991211,990.8592218,978.4682311,982.2485334,6622000
5/8/2017,1033.702393,1036.012577,1000.309731,1010.600551,16198000
5/9/2017,1019.841553,1037.06293,1018.581452,1036.642896,8052000
5/10/2017,1028.032104,1034.332608,1022.361652,1027.192037,7758400
5/11/2017,1050.08374,1050.293757,1032.0223,1033.912451,8213600
5/12/2017,1022.991821,1050.083988,1012.700998,1049.873971,13061200
5/15/2017,1085.786743,1093.977398,1068.355351,1073.395753,16844800
5/16/2017,1099.437866,1099.437866,1053.024157,1078.226171,14965200
5/17/2017,1097.127686,1097.547719,1081.376427,1088.306981,8797200
5/18/2017,1091.457275,1099.227897,1086.206856,1088.937074,9380800
5/19/2017,1085.156738,1089.357074,1077.1761,1087.466923,7210800
5/22/2017,1088.937256,1091.037424,1080.956616,1089.98734,5598000
5/23/2017,1080.956299,1089.566986,1076.545947,1085.576668,6123200
5/24/2017,1079.486328,1088.51705,1072.975807,1087.887,8239200
5/25/2017,1101.118042,1108.46863,1083.476631,1084.946749,7813600
5/26/2017,1098.177612,1103.007998,1096.287462,1100.067763,4098800
5/29/2017,1090.617188,1097.967775,1087.046902,1087.046902,3757600
5/30/2017,1093.767456,1096.707691,1083.476633,1085.786818,4030400
5/31/2017,1095.237427,1097.967645,1087.25679,1091.037091,7624800
6/1/2017,1123.379761,1126.109979,1095.447529,1099.647865,9381600
6/2/2017,1160.132813,1167.693417,1138.921116,1144.381552,12807600
6/5/2017,1152.362305,1159.92291,1142.701531,1148.792019,7381200
6/6/2017,1153.412109,1161.392747,1147.53164,1159.082562,5588800
6/7/2017,1148.371704,1162.652845,1141.231134,1162.652845,5372800
6/8/2017,1119.389526,1149.841962,1118.969493,1149.841962,10298400
6/9/2017,1123.799683,1132.620387,1113.298845,1114.768962,9366800
6/12/2017,1110.358887,1122.749879,1107.838685,1117.289442,8046400
6/13/2017,1103.848145,1111.828782,1102.378027,1106.788379,5259600
6/14/2017,1094.397339,1118.129233,1094.187322,1114.978981,6778400
6/15/2017,1095.657593,1107.208516,1080.956417,1089.147072,6874000
6/16/2017,1092.717407,1104.688365,1089.357138,1104.688365,6646800
6/19/2017,1091.247314,1103.218272,1089.147146,1093.977533,8127200
6/20/2017,1137.870728,1148.371565,1105.318132,1110.358534,14357600
6/21/2017,1123.589722,1143.541315,1120.649487,1141.441147,6391600
6/22/2017,1115.39917,1133.670631,1114.559103,1132.41053,4363600
6/23/2017,1114.979248,1122.11982,1111.828996,1117.919483,4340400
6/26/2017,1109.308594,1120.229466,1108.048493,1115.609097,3086400
6/27/2017,1114.13916,1118.969547,1113.089076,1114.559194,4368000
6/28/2017,1127.790161,1129.470295,1110.988818,1115.189154,4838000
6/29/2017,1126.950317,1142.491563,1123.800065,1140.181378,5972800
6/30/2017,1119.389526,1126.530097,1115.18919,1116.659308,5479200
7/3/2017,1111.618774,1124.009764,1110.358674,1116.659177,4450400
7/4/2017,1101.748047,1122.539708,1096.497627,1121.699641,6333600
7/5/2017,1111.198853,1112.03892,1098.597845,1099.857946,4128400
7/6/2017,1113.929077,1116.659295,1103.428237,1108.888674,4900800
7/7/2017,1111.198853,1120.439591,1104.688332,1104.688332,4624800
7/10/2017,1124.219604,1124.219604,1110.148483,1118.129119,4759200
7/11/2017,1104.268311,1110.358798,1078.226228,1105.948445,18842000
7/12/2017,1118.129395,1121.69968,1104.68832,1104.68832,9004800
7/13/2017,1139.341064,1140.181132,1123.799822,1125.26994,7378800
7/14/2017,1145.011353,1155.722207,1142.911185,1149.631721,7151200
7/17/2017,1145.011353,1145.011353,1145.011353,1145.011353,0
7/18/2017,1123.799683,1137.450772,1117.49918,1135.350604,7816400
7/19/2017,1125.059692,1131.780228,1118.549173,1126.319793,5987200
7/20/2017,1118.129395,1120.229562,1110.988824,1118.129395,6077600
7/21/2017,1121.699829,1126.320199,1115.819358,1118.33956,4521600
7/24/2017,1113.299072,1115.189223,1103.638299,1110.568854,5855600
7/25/2017,1104.898438,1114.769228,1104.898438,1111.618975,4157200
7/26/2017,1095.237427,1125.899874,1093.347276,1118.129254,7318000
7/27/2017,1099.647705,1107.208308,1093.347203,1097.967571,5752000
7/28/2017,1077.385986,1090.617042,1074.865785,1089.986992,8987600
7/31/2017,1098.387695,1104.898215,1071.085516,1075.285851,10774800
8/1/2017,1108.88855,1110.568684,1084.316588,1092.927275,6380400
8/2/2017,1092.087158,1108.888499,1087.466789,1108.888499,7200000
8/3/2017,1088.937256,1100.278165,1080.7466,1096.917895,7106000
8/4/2017,1183.654419,1184.074452,1140.180951,1161.392643,25727200
8/7/2017,1196.88562,1198.355738,1177.564077,1191.425184,9842400
8/8/2017,1198.355957,1209.696865,1196.045772,1202.346277,5961200
8/9/2017,1207.176147,1217.887001,1175.463622,1185.754441,11903600
8/10/2017,1207.806763,1227.128311,1201.086224,1215.787402,8534800
8/11/2017,1207.806763,1207.806763,1207.806763,1207.806763,0
8/14/2017,1176.093994,1202.766126,1173.573793,1196.675639,9335600
8/15/2017,1177.564209,1189.115133,1177.354192,1181.344511,5629600
8/16/2017,1177.564209,1181.974562,1171.473722,1176.934159,4164800
8/17/2017,1168.953369,1179.664225,1160.762715,1177.774074,8338400
8/18/2017,1162.022949,1167.483386,1154.252328,1155.092395,5232400
8/21/2017,1145.85144,1167.27315,1142.281156,1166.433083,4809600
8/22/2017,1145.431396,1148.791665,1137.45076,1146.691497,6042400
8/23/2017,1152.992065,1162.232803,1149.841814,1158.032468,5076400
8/24/2017,1139.341064,1155.092323,1139.341064,1152.572122,3987600
8/25/2017,1167.693115,1175.673752,1145.011307,1145.011307,7244800
8/28/2017,1167.27356,1175.674233,1163.073223,1170.633829,6679600
8/29/2017,1154.462402,1162.863075,1145.851713,1155.722503,5267600
8/30/2017,1154.88208,1161.812633,1152.361879,1161.812633,4534800
8/31/2017,1160.55249,1168.95316,1158.872356,1165.172858,3968400
9/1/2017,1155.512329,1167.063252,1149.001809,1167.063252,4014800
9/4/2017,1166.01355,1178.404544,1156.142758,1160.553112,7608800
9/5/2017,1173.363647,1174.203715,1161.812726,1162.652793,5946400
9/6/2017,1165.593262,1171.263715,1157.402606,1165.173228,6926400
9/7/2017,1196.675781,1215.997328,1175.254067,1176.304151,10576000
9/8/2017,1202.976196,1212.426952,1198.565844,1204.446314,10685600
9/11/2017,1214.947021,1225.44786,1212.006787,1214.947021,5010000
9/12/2017,1223.767822,1228.178175,1212.846949,1225.86799,4516800
9/13/2017,1239.098877,1246.02943,1230.48819,1233.218408,5268800
9/14/2017,1245.399536,1255.270325,1230.488344,1235.948781,6566400
9/15/2017,1246.659546,1251.279915,1237.838842,1242.669227,8596800
9/18/2017,1246.659546,1246.659546,1246.659546,1246.659546,0
9/19/2017,1286.98291,1288.873061,1245.189568,1248.129803,10694000
9/20/2017,1279.001953,1286.142522,1272.911468,1285.512472,7357600
9/21/2017,1291.813354,1295.38364,1283.412682,1291.183304,6679600
9/22/2017,1268.711426,1290.973205,1260.940805,1290.553172,8630000
9/25/2017,1271.651489,1278.582042,1261.360668,1276.481875,4910400
9/26/2017,1280.892578,1284.882898,1269.341653,1277.532309,5928400
9/27/2017,1268.440063,1277.093315,1263.163691,1269.495338,5217200
9/28/2017,1256.62085,1268.862034,1246.27916,1266.11832,11503200
9/29/2017,1245.645874,1255.143343,1234.248911,1254.299124,8998400
10/2/2017,1246.490356,1262.741585,1243.535588,1261.897366,5466400
10/3/2017,1259.364624,1261.897283,1239.525463,1251.344538,6988000
10/4/2017,1249.234009,1264.007852,1247.334515,1255.565656,4281600
10/5/2017,1238.259399,1256.19907,1236.99307,1252.189026,4860000
10/6/2017,1251.977783,1253.666223,1244.801916,1247.756685,4926400
10/9/2017,1251.977783,1251.977783,1251.977783,1251.977783,0
10/10/2017,1255.143677,1257.676336,1235.726623,1236.148733,7810400
10/11/2017,1218.420044,1231.505449,1204.490419,1224.118527,17398000
10/12/2017,1234.882446,1239.103545,1216.520667,1222.852315,11104800
10/13/2017,1273.294556,1277.515655,1241.003147,1251.133785,16200000
10/16/2017,1254.932495,1276.037986,1253.666166,1273.927437,8533200
10/17/2017,1241.213867,1262.530412,1239.314373,1261.897247,7353200
10/18/2017,1244.379761,1246.0682,1232.349631,1241.213937,6841200
10/19/2017,1255.565552,1263.163528,1248.389685,1253.666058,5876000
10/20/2017,1251.133667,1254.299491,1235.937712,1243.535689,5265600
10/23/2017,1259.998047,1268.018135,1253.033234,1266.329695,5368000
10/24/2017,1281.736816,1282.158926,1251.344901,1253.877561,6022400
10/25/2017,1281.314331,1290.389692,1276.037958,1287.645978,9624000
10/26/2017,1292.922363,1300.731395,1280.470124,1287.434936,7355600
10/27/2017,1318.248901,1319.515231,1304.952443,1308.540376,8108000
10/30/2017,1307.274292,1325.002907,1300.520534,1324.580797,8143600
10/31/2017,1303.264282,1308.329601,1295.666304,1298.832128,4774800
11/1/2017,1323.103394,1330.701371,1312.339592,1314.872251,7264400
11/2/2017,1322.89209,1328.590572,1312.761455,1323.3142,8760400
11/3/2017,1322.89209,1322.89209,1322.89209,1322.89209,0
11/6/2017,1332.811768,1356.660973,1308.118343,1354.128314,11506000
11/7/2017,1333.867432,1335.555871,1300.731801,1320.148858,8642400
11/8/2017,1334.711182,1336.188566,1321.414723,1329.856919,5855600
11/9/2017,1303.053223,1336.610959,1278.570849,1331.12353,12561600
11/10/2017,1290.811768,1295.877085,1277.515309,1287.223834,10337200
11/13/2017,1279.203735,1293.344414,1277.304241,1288.068041,5595200
11/14/2017,1260.842041,1279.625928,1255.565668,1279.414873,9501200
11/15/2017,1239.947754,1255.143709,1236.992985,1251.76683,9013600
11/16/2017,1265.696289,1269.495277,1238.470206,1245.223963,7760800
11/17/2017,1257.043213,1274.138663,1252.188949,1273.716553,8617200
11/20/2017,1265.907471,1270.339624,1252.822065,1263.796921,4062000
11/21/2017,1281.103271,1287.857028,1266.751538,1268.017867,5065600
11/22/2017,1298.199097,1307.907625,1294.400107,1300.098591,5838000
11/23/2017,1298.199097,1298.199097,1298.199097,1298.199097,0
11/24/2017,1294.189087,1297.777021,1284.902668,1291.234317,3575200
11/27/2017,1292.078003,1309.806613,1289.545344,1308.540284,4108400
11/28/2017,1279.414917,1290.178718,1273.294324,1280.681247,5992800
11/29/2017,1277.726685,1289.545762,1276.460355,1284.058333,4485200
11/30/2017,1274.771729,1284.69131,1255.98784,1266.329532,11382800
12/1/2017,1302.631104,1310.651191,1284.058269,1291.445192,8070800
12/4/2017,1288.701294,1306.007797,1287.857074,1294.821886,4776800
12/5/2017,1289.967651,1299.043013,1279.203851,1286.590773,4321200
12/6/2017,1293.133545,1310.862159,1282.791853,1291.022996,8871600
12/7/2017,1329.012573,1336.188439,1301.786494,1304.530207,9696800
12/8/2017,1375.022949,1381.354597,1345.264202,1346.530532,19734000
12/11/2017,1365.94751,1370.801773,1344.419907,1369.957553,6054400
12/12/2017,1348.851929,1372.279024,1345.89716,1365.736321,6875200
12/13/2017,1340.40979,1363.836886,1331.756538,1357.716293,6615200
12/14/2017,1347.163452,1348.429782,1330.912225,1334.078048,6553600
12/15/2017,1333.867432,1347.37495,1325.003123,1338.510641,5108800
12/18/2017,1366.369507,1370.37955,1346.530345,1350.751443,6050400
12/19/2017,1359.404785,1369.324367,1358.982675,1361.937444,3504800
12/20/2017,1373.75647,1375.655964,1357.505241,1358.77157,6121600
12/21/2017,1371.857056,1390.00778,1356.450046,1380.932418,6058400
12/22/2017,1374.60083,1376.922434,1365.525468,1371.646061,3602800
12/25/2017,1376.922485,1383.676244,1373.756661,1377.13354,1603200
12/26/2017,1368.057983,1381.565498,1365.525324,1377.3444,2332800
12/27/2017,1384.309448,1385.997888,1364.681337,1365.736612,3644000
12/28/2017,1382.620728,1398.660901,1379.665959,1389.16343,5084400
12/29/2017,1379.032837,1387.263979,1373.545409,1384.520265,3065200
1/1/2018,1379.032837,1379.032837,1379.032837,1379.032837,0
1/2/2018,1379.032837,1379.032837,1379.032837,1379.032837,0
1/3/2018,1379.032837,1379.032837,1379.032837,1379.032837,0
1/4/2018,1422.932251,1423.354361,1390.429794,1392.962453,7747200
1/5/2018,1422.510132,1429.897054,1410.057892,1422.932242,8032000
1/8/2018,1422.510132,1422.510132,1422.510132,1422.510132,0
1/9/2018,1404.14856,1437.495241,1403.093285,1435.173637,8381600
1/10/2018,1406.89209,1413.856902,1400.560442,1403.515211,4287200
1/11/2018,1385.364502,1402.248896,1377.766525,1400.138346,6650800
1/12/2018,1391.907349,1401.826931,1385.364645,1386.630975,7382800
1/15/2018,1369.113403,1392.118392,1368.269184,1390.852062,6595600
1/16/2018,1371.012939,1375.445093,1359.193862,1372.068214,5692000
1/17/2018,1373.75647,1378.399678,1363.836889,1368.480097,6482800
1/18/2018,1378.821655,1400.349255,1372.067899,1394.861828,9901600
1/19/2018,1393.806641,1399.716178,1384.942334,1385.997609,5240000
1/22/2018,1376.500366,1384.098344,1370.590828,1383.676234,6132800
1/23/2018,1390.851807,1393.384465,1378.399567,1381.987501,5124000
1/24/2018,1383.464966,1393.806657,1377.344373,1382.620746,5138800
1/25/2018,1352.650635,1371.645573,1349.906922,1371.434518,6011600
1/26/2018,1305.163574,1322.259022,1295.877158,1310.439947,17657200
1/29/2018,1331.123291,1338.299158,1284.269102,1305.163538,12611200
1/30/2018,1323.314575,1336.399982,1307.063344,1324.36985,9670000
1/31/2018,1314.449951,1334.922277,1313.816786,1323.947422,8555600
2/1/2018,1317.826782,1326.268978,1311.495135,1321.414715,6009200
2/2/2018,1297.776978,1312.128715,1296.299593,1308.540781,8891600
2/5/2018,1285.535522,1297.143543,1276.460161,1280.259149,10072400
2/6/2018,1284.902222,1284.902222,1227.284234,1251.555548,17960800
2/7/2018,1271.39502,1323.314537,1270.761855,1319.937658,16377200
2/8/2018,1288.91272,1308.540832,1281.947906,1290.60116,9676800
2/9/2018,1260.631104,1268.229081,1230.872358,1236.992951,14710000
2/12/2018,1260.631104,1260.631104,1260.631104,1260.631104,0
2/13/2018,1261.26416,1282.158597,1253.033019,1273.29429,12687200
2/14/2018,1239.947754,1266.118566,1235.09349,1257.465314,9152400
2/15/2018,1256.62085,1264.640936,1245.43494,1254.299246,6981600
2/16/2018,1267.173584,1285.324305,1260.419827,1268.439913,7626800
2/19/2018,1272.661133,1279.625945,1266.54054,1271.394803,4992000
2/20/2018,1257.043213,1274.771828,1251.766839,1267.17385,5630000
2/21/2018,1265.485229,1279.203799,1259.364637,1262.741516,4877600
2/22/2018,1252.39978,1257.465098,1247.123408,1256.831933,6666800
2/23/2018,1263.796753,1267.173631,1253.032953,1255.143502,4772400
2/26/2018,1281.736816,1289.334795,1266.118749,1266.540859,8150800
2/27/2018,1311.917358,1312.761578,1289.967647,1291.656086,9642000
2/28/2018,1297.143677,1322.259215,1297.143677,1312.128578,8376400
3/1/2018,1274.560669,1287.435019,1266.751637,1286.801854,7650400
3/2/2018,1251.34436,1257.464952,1240.158452,1246.701153,9763200
3/5/2018,1209.344604,1240.791785,1204.912451,1234.882248,10494400
3/6/2018,1239.314575,1251.133652,1232.349762,1236.781916,6533200
3/7/2018,1216.731689,1229.60604,1214.62114,1224.118612,8469600
3/8/2018,1215.676392,1225.384918,1211.666348,1224.118589,5256800
3/9/2018,1208.289429,1236.359733,1203.224111,1217.153735,10934400
3/12/2018,1222.641113,1235.093353,1214.621027,1226.440102,4172800
3/13/2018,1209.555908,1210.822238,1196.048392,1202.38004,7387200
3/14/2018,1202.379761,1208.500353,1196.681278,1197.103388,5061600
3/15/2018,1213.565674,1217.997827,1197.947611,1203.012929,4082000
3/16/2018,1203.012939,1225.806869,1199.847116,1223.69632,5745600
3/19/2018,1202.591064,1211.877482,1190.983043,1192.671482,4296800
3/20/2018,1194.570923,1196.048307,1181.485517,1185.495561,5302400
3/21/2018,1194.570923,1194.570923,1194.570923,1194.570923,0
3/22/2018,1201.746704,1203.013034,1183.384926,1187.606025,6083600
3/23/2018,1173.887451,1190.56079,1170.932682,1176.209055,11662800
3/26/2018,1174.942871,1174.942871,1148.983113,1159.324805,6404400
3/27/2018,1213.776855,1215.465295,1189.716594,1190.771869,8431600
3/28/2018,1198.889038,1199.952449,1177.833509,1199.314402,7304400
3/29/2018,1212.926147,1224.623664,1204.20618,1220.15734,8022800
3/30/2018,1218.668457,1228.451834,1211.224583,1225.261602,4823200
4/2/2018,1226.112671,1241.638469,1221.220981,1227.814128,4548400
4/3/2018,1216.967041,1222.709458,1205.269525,1212.075352,5720800
4/4/2018,1236.746704,1243.977897,1227.388689,1229.090147,6718800
4/5/2018,1245.679077,1256.738547,1236.321065,1246.95517,6369600
4/6/2018,1245.679077,1260.354142,1242.91421,1251.421494,5825600
4/9/2018,1248.231567,1257.3769,1243.127196,1247.806203,4284400
4/10/2018,1248.231567,1259.716404,1234.194545,1239.086235,4627200
4/11/2018,1255.675293,1265.245989,1253.548472,1256.951386,5910400
4/12/2018,1249.507446,1253.973771,1232.492877,1246.317215,4463200
4/13/2018,1257.376587,1268.648738,1255.037084,1258.865362,5789200
4/16/2018,1250.783447,1254.611725,1243.764938,1254.399043,4320800
4/17/2018,1242.488892,1253.335679,1239.936706,1245.679123,3893200
4/18/2018,1249.507446,1252.272314,1238.022612,1242.488936,4702000
4/19/2018,1234.619751,1243.127036,1233.769022,1242.276308,6976400
4/20/2018,1222.28418,1239.29875,1220.795405,1224.411001,8466400
4/23/2018,1217.605103,1234.832354,1216.32901,1231.216758,5722400
4/24/2018,1238.447876,1240.787379,1219.944533,1226.963043,5062400
4/25/2018,1242.914307,1246.955267,1226.112419,1229.728015,4304000
4/26/2018,1242.701538,1246.529816,1236.959121,1242.063492,4108400
4/27/2018,1252.9104,1261.630368,1243.552387,1261.205003,7350800
4/30/2018,1252.9104,1252.9104,1252.9104,1252.9104,0
5/1/2018,1253.548584,1265.458784,1241.425702,1262.481234,4451200
5/2/2018,1249.507446,1256.100592,1246.742579,1254.611817,3423200
5/3/2018,1249.507446,1249.507446,1249.507446,1249.507446,0
5/4/2018,1249.507446,1249.507446,1249.507446,1249.507446,0
5/7/2018,1240.574829,1252.69771,1237.809961,1252.69771,5788400
5/8/2018,1239.724121,1242.914353,1226.325147,1240.149485,5606800
5/9/2018,1216.754517,1239.724188,1212.500874,1231.642266,7297200
5/10/2018,1199.102051,1219.732221,1194.848407,1217.818081,9437200
5/11/2018,1306.506226,1316.076921,1240.787452,1305.442815,21426400
5/14/2018,1303.741699,1312.036304,1295.872459,1297.999281,7396400
5/15/2018,1335.218384,1350.531497,1320.968681,1321.394046,12539600
5/16/2018,1313.099609,1330.752228,1312.036199,1327.98736,6432800
5/17/2018,1317.565552,1331.177206,1314.37532,1324.158697,5766800
5/18/2018,1356.911987,1361.16563,1339.897417,1344.576424,10668800
5/21/2018,1360.527344,1376.265819,1355.635656,1365.419032,7384400
5/22/2018,1356.699341,1367.120765,1349.68083,1366.908083,4248800
5/23/2018,1353.72168,1362.228964,1343.72562,1353.72168,5878000
5/24/2018,1328.837891,1354.147063,1319.479877,1351.594878,7658400
5/25/2018,1310.334473,1329.475862,1306.506195,1316.07689,7552800
5/28/2018,1336.706787,1337.344833,1316.501991,1316.501991,5510400
5/29/2018,1345.214478,1354.572491,1334.793053,1342.024246,5770800
5/30/2018,1312.036011,1338.408594,1304.166772,1327.136441,8224000
5/31/2018,1331.81543,1343.512946,1311.610628,1343.087582,8560800
6/1/2018,1334.792725,1348.404378,1323.307892,1347.553649,5212800
6/4/2018,1366.907837,1370.31075,1340.109893,1352.445454,6782800
6/5/2018,1365.419434,1373.501355,1357.975558,1372.863309,5283600
6/6/2018,1359.251587,1367.546191,1351.59503,1363.50523,5932000
6/7/2018,1356.061279,1380.732407,1355.210551,1371.799757,5274400
6/8/2018,1368.822021,1375.415167,1361.165466,1364.355697,8341600
6/11/2018,1369.459961,1374.777013,1361.803406,1372.650192,3164400
6/12/2018,1367.758667,1385.1986,1360.314793,1381.370322,6758400
6/13/2018,1375.202637,1381.795783,1367.54608,1367.971444,5728400
6/14/2018,1352.445557,1365.84453,1349.893371,1360.102113,5776800
6/15/2018,1367.120605,1371.58693,1357.124546,1365.419149,5028000
6/18/2018,1364.781006,1365.844416,1349.042531,1358.187861,4116000
6/19/2018,1351.38208,1376.903932,1349.680623,1368.60933,6050400
6/20/2018,1342.875244,1359.039089,1328.412856,1351.382531,7970000
6/21/2018,1331.390137,1339.046693,1329.901362,1332.028183,5576800
6/22/2018,1344.36377,1345.001816,1323.52092,1324.371649,6499600
6/25/2018,1312.886597,1332.027986,1311.397822,1329.263118,5144400
6/26/2018,1303.528809,1312.67414,1298.211755,1302.890762,6520000
6/27/2018,1298.21167,1305.868226,1292.894617,1297.360941,4439200
6/28/2018,1299.913086,1315.013516,1298.211629,1300.125768,4700400
6/29/2018,1301.189087,1302.677862,1282.685744,1295.659352,5946800
7/2/2018,1286.301514,1312.674098,1284.387375,1293.745388,4697600
7/3/2018,1287.364868,1288.215597,1276.305398,1283.961954,5700400
7/4/2018,1291.618774,1300.338743,1284.812945,1287.577813,3823200
7/5/2018,1291.831299,1302.465406,1284.812788,1290.129842,3742400
7/6/2018,1304.592041,1315.013464,1297.573532,1307.144226,5932400
7/9/2018,1314.588135,1317.565684,1303.103301,1307.144261,3430000
7/10/2018,1329.901123,1337.557678,1320.543111,1325.009435,6069600
7/11/2018,1313.737305,1322.457271,1297.99883,1322.031906,4638400
7/12/2018,1329.263306,1335.005723,1309.271186,1310.334596,4498800
7/13/2018,1333.091553,1338.195924,1319.479897,1329.901321,5262000
7/16/2018,1333.091553,1333.091553,1333.091553,1333.091553,0
7/17/2018,1383.284302,1385.623805,1351.807353,1354.359538,11233200
7/18/2018,1401.575073,1408.168219,1391.366332,1397.321431,9088800
7/19/2018,1418.377075,1424.119493,1397.108863,1401.362505,8722800
7/20/2018,1420.503906,1435.391655,1410.295164,1423.90682,7835600
7/23/2018,1410.295166,1417.73904,1392.004503,1403.70202,5765200
7/24/2018,1416.250366,1427.947884,1413.485498,1424.119605,4266000
7/25/2018,1414.335815,1425.820648,1413.059723,1424.757237,3342400
7/26/2018,1434.540894,1454.533013,1432.414072,1446.23841,6143200
7/27/2018,1414.761353,1417.52622,1403.489201,1416.462809,5566400
7/30/2018,1408.806274,1413.910645,1400.724354,1409.657003,3152000
7/31/2018,1393.280396,1413.272512,1393.067713,1409.01887,7037600
8/1/2018,1402.000732,1415.187026,1398.8105,1404.340236,6309200
8/2/2018,1372.437866,1393.70608,1369.460316,1390.090484,7624400
8/3/2018,1489.838135,1549.389124,1477.077209,1531.311145,21159600
8/6/2018,1558.321899,1564.276999,1504.300641,1510.043058,14730400
8/7/2018,1589.586304,1633.398824,1574.911236,1599.157,18708800
8/8/2018,1571.720825,1594.903176,1569.381322,1582.354931,12014000
8/9/2018,1476.864624,1539.605849,1469.208068,1529.184425,32491200
8/10/2018,1501.535767,1538.542455,1495.155303,1533.01272,15899200
8/13/2018,1523.441895,1542.583284,1507.065373,1507.916101,13980000
8/14/2018,1601.49646,1601.49646,1551.090794,1555.344437,14664000
8/15/2018,1589.798828,1599.582206,1565.127702,1599.369523,12690000
8/16/2018,1617.873047,1619.574504,1576.612712,1580.228308,14080400
8/17/2018,1596.604736,1630.421195,1584.481855,1613.619307,13343600
8/20/2018,1585.119873,1591.925701,1553.642919,1563.213614,12034400
8/21/2018,1578.739502,1597.242848,1571.508309,1572.146356,12844400
8/22/2018,1624.678467,1626.592606,1593.839564,1619.148733,12144800
8/23/2018,1547.049438,1611.492108,1541.945069,1611.066744,18324400
8/24/2018,1533.012695,1546.198987,1513.445941,1538.117066,13229600
8/27/2018,1531.311401,1552.366933,1528.121169,1540.031369,8688000
8/28/2018,1552.57959,1571.082936,1536.62843,1541.732801,8048400
8/29/2018,1564.064209,1577.463182,1546.624276,1550.877918,6488400
8/30/2018,1539.180542,1565.127761,1534.501535,1548.751238,9172400
8/31/2018,1537.69165,1551.515987,1526.206816,1529.184366,7926400
9/3/2018,1542.583496,1548.751278,1520.464554,1520.677237,5184400
9/4/2018,1536.840698,1553.4299,1531.523646,1543.646525,5861600
9/5/2018,1553.217651,1571.508315,1534.076259,1535.13967,9250000
9/6/2018,1536.628296,1558.534554,1533.438064,1541.945349,6697600
9/7/2018,1508.129028,1542.796217,1502.386611,1541.094759,9178800
9/10/2018,1520.251831,1529.397162,1496.431433,1497.920208,6872800
9/11/2018,1506.640381,1513.44621,1483.458026,1499.409188,6924800
9/12/2018,1506.853027,1517.912499,1500.259881,1502.812067,5927600
9/13/2018,1505.576782,1522.37867,1491.114398,1504.726054,6937200
9/14/2018,1466.443359,1506.852966,1458.148756,1488.987666,18347200
9/17/2018,1466.443359,1466.443359,1466.443359,1466.443359,0
9/18/2018,1510.043091,1527.057661,1474.525176,1477.92809,9562800
9/19/2018,1510.255859,1537.691855,1510.255859,1535.565034,6530000
9/20/2018,1497.707397,1530.673124,1494.94253,1521.315111,8078400
9/21/2018,1511.319092,1516.848827,1488.774788,1497.920119,7303200
9/24/2018,1511.319092,1511.319092,1511.319092,1511.319092,0
9/25/2018,1464.316528,1502.811996,1454.53315,1499.834446,13652000
9/26/2018,1406.581909,1452.127964,1405.726584,1432.241658,23353600
9/27/2018,1418.128906,1442.50567,1414.279944,1414.279944,12480800
9/28/2018,1391.61377,1426.468263,1375.576426,1411.286244,16316400
10/1/2018,1385.626465,1398.242508,1376.431721,1377.714709,8599200
10/2/2018,1393.752319,1416.846098,1386.268224,1392.469332,10857200
10/3/2018,1374.934937,1389.475462,1369.161493,1387.55098,8490000
10/4/2018,1366.167847,1381.563697,1355.048622,1381.136034,9967600
10/5/2018,1325.753784,1352.910354,1325.753784,1348.633729,13144400
10/8/2018,1325.753784,1325.753784,1325.753784,1325.753784,0
10/9/2018,1298.169556,1309.930275,1289.616305,1300.735531,11985600
10/10/2018,1278.069214,1305.225779,1274.220252,1300.307661,10198800
10/11/2018,1257.541504,1261.176635,1228.246624,1232.523249,14296800
10/12/2018,1262.245728,1271.868133,1252.19566,1257.755272,11321200
10/15/2018,1234.875366,1258.824464,1232.523223,1253.692515,10363600
10/16/2018,1256.0448,1264.811881,1241.718106,1255.403306,8638800
10/17/2018,1242.359741,1269.730145,1236.372465,1264.812026,9380800
10/18/2018,1235.303223,1254.761868,1228.460622,1248.774592,7225600
10/19/2018,1219.693237,1223.114537,1205.366546,1218.196419,7364000
10/22/2018,1214.989136,1227.605179,1196.599649,1219.693423,8626800
10/23/2018,1197.454956,1212.423143,1193.178331,1209.215674,7318400
10/24/2018,1190.826538,1205.367067,1181.417961,1201.731935,7215600
10/25/2018,1152.978027,1180.134594,1149.129065,1170.298358,8822000
10/26/2018,1192.536865,1217.34129,1181.845303,1187.832578,17943600
10/29/2018,1160.248291,1208.146488,1159.606797,1195.744276,9454000
10/30/2018,1184.19751,1187.832641,1147.632365,1155.757952,17508800
10/31/2018,1208.146362,1208.146362,1182.058954,1195.316489,8737200
11/1/2018,1206.650024,1225.894841,1182.91475,1225.894841,9265600
11/2/2018,1176.285645,1179.920776,1081.130743,1099.734061,17514000
11/5/2018,1137.368408,1170.512252,1134.802433,1168.801602,6554400
11/6/2018,1177.141113,1181.845401,1142.500448,1143.997267,7546400
11/7/2018,1171.367432,1205.794258,1166.663145,1181.845161,9901200
11/8/2018,1148.273682,1197.454864,1145.493876,1180.776028,8599600
11/9/2018,1176.499512,1179.493149,1150.839762,1150.839762,8003200
11/12/2018,1160.034546,1174.788902,1151.695127,1163.669677,3730400
11/13/2018,1118.765015,1141.644957,1108.714947,1135.443851,7174000
11/14/2018,1149.12915,1152.55045,1124.538556,1124.966219,6326800
11/15/2018,1143.141846,1151.908927,1133.733271,1143.569508,4659600
11/16/2018,1138.010132,1154.047479,1130.526037,1145.494227,4566000
11/19/2018,1141.217407,1145.921695,1125.821557,1126.035388,4424800
11/20/2018,1139.720825,1149.557065,1125.607959,1127.31861,4156000
11/21/2018,1127.959595,1130.525569,1112.349917,1115.557385,4292800
11/22/2018,1142.928101,1146.13557,1121.758806,1125.607768,4512000
11/23/2018,1142.928101,1142.928101,1142.928101,1142.928101,0
11/26/2018,1163.883545,1165.380364,1144.638732,1149.129188,7169200
11/27/2018,1162.814331,1177.141025,1154.04725,1171.795244,5362400
11/28/2018,1128.601074,1160.461923,1123.469125,1160.461923,8392000
11/29/2018,1172.008911,1176.927029,1116.412794,1118.764938,11508400
11/30/2018,1209.21582,1220.762709,1176.285805,1180.348599,12312400
12/3/2018,1209.21582,1240.649017,1198.310426,1235.944729,10981600
12/4/2018,1206.863525,1244.711655,1206.222032,1237.655224,8789600
12/5/2018,1188.046387,1219.265748,1178.637812,1198.524118,8786400
12/6/2018,1157.682373,1185.266604,1149.770617,1179.279329,8196000
12/7/2018,1190.612427,1197.027364,1163.455857,1186.977295,7075200
12/10/2018,1158.965576,1169.229478,1142.500567,1161.103889,5346800
12/11/2018,1137.368408,1156.185558,1116.199115,1154.474908,8194000
12/12/2018,1171.153687,1173.078168,1132.236401,1139.720495,7521600
12/13/2018,1183.983765,1194.675328,1169.229407,1190.398703,5550000
12/14/2018,1158.323853,1192.964514,1157.682359,1172.222883,8693200
12/17/2018,1173.078247,1183.128316,1151.695122,1151.695122,5530800
12/18/2018,1189.329346,1197.882595,1157.040829,1162.172778,6948400
12/19/2018,1218.624268,1229.101999,1193.392181,1204.511405,11013600
12/20/2018,1221.831543,1245.780639,1210.498489,1213.919788,14151600
12/21/2018,1189.970825,1218.624211,1183.128226,1207.504987,13937200
12/24/2018,1189.970825,1189.970825,1189.970825,1189.970825,0
12/25/2018,1127.318359,1168.587791,1122.827903,1159.606878,8548400
12/26/2018,1143.56958,1157.468612,1114.488529,1137.582305,8850400
12/27/2018,1189.329346,1200.44857,1166.663234,1176.071809,9302800
12/28/2018,1190.398438,1201.089999,1180.989864,1182.700513,5507200
12/31/2018,1190.398438,1190.398438,1190.398438,1190.398438,0
1/4/2019,1120.689453,1153.191799,1103.155293,1147.632188,12630800
1/7/2019,1177.141113,1209.001972,1165.808056,1165.808056,11089200
1/8/2019,1205.794556,1212.209494,1185.694416,1187.618897,7292000
1/9/2019,1201.090088,1214.989119,1185.90807,1212.423144,7136000
1/10/2019,1212.423218,1230.385043,1205.366786,1215.844518,9083200
1/11/2019,1213.706177,1223.114752,1201.517795,1215.202996,7030000
1/15/2019,1203.869995,1207.291295,1177.141088,1192.323107,6532400
1/16/2019,1211.140381,1213.064862,1182.273158,1192.750891,4743600
1/17/2019,1223.11499,1234.875711,1219.69369,1223.328822,6250400
1/18/2019,1242.14563,1245.56693,1227.177444,1235.30303,7876400
1/21/2019,1269.516235,1279.993967,1253.47889,1258.824672,8567200
1/22/2019,1250.271118,1274.434046,1238.510401,1261.390341,5777200
1/23/2019,1244.925537,1257.541581,1241.290406,1247.919175,5113600
1/24/2019,1250.699097,1251.768253,1208.360505,1208.360505,6064400
1/25/2019,1260.107544,1266.522481,1243.001044,1243.214875,6268000
1/28/2019,1217.98291,1232.309605,1205.153034,1214.56161,11600000
1/29/2019,1225.252686,1226.10801,1207.93236,1210.498334,6138000
1/30/2019,1196.813599,1217.127569,1192.109311,1212.423281,6782800
1/31/2019,1213.278442,1229.315785,1206.649674,1219.051886,5458800
2/1/2019,1226.322144,1228.032793,1203.869864,1208.146488,4360000
2/4/2019,1221.831543,1232.095441,1212.209138,1223.542193,5710800
2/5/2019,1230.385254,1237.869349,1220.549014,1237.441687,4709600
2/6/2019,1177.141113,1213.492428,1173.505982,1197.455083,11980000
2/7/2019,1144.21106,1161.745223,1130.312028,1155.757947,9376000
2/8/2019,1162.814331,1185.694275,1133.947112,1137.582244,10670800
2/12/2019,1201.090088,1201.731582,1159.392996,1160.462152,7909600
2/13/2019,1195.316406,1205.366473,1195.316406,1203.869654,5730400
2/14/2019,1199.379395,1210.284787,1192.750626,1202.586863,6365600
2/15/2019,1203.656128,1210.712559,1193.178396,1196.385865,5059600
2/18/2019,1226.963745,1234.234008,1209.215751,1215.416857,5482400
2/19/2019,1227.391479,1228.032973,1210.498809,1220.335048,3832400
2/20/2019,1235.516846,1237.013664,1227.177428,1234.020027,3468800
2/21/2019,1219.907349,1230.38508,1212.209423,1229.315924,6122400
2/22/2019,1227.605225,1231.454187,1211.140218,1211.140218,3141600
2/25/2019,1237.65564,1249.844024,1236.15882,1240.221615,5073200
2/26/2019,1236.372314,1244.07024,1233.592508,1237.655302,4314000
2/27/2019,1235.516846,1238.296652,1208.574111,1225.466778,7614000
2/28/2019,1219.051758,1224.825201,1208.787859,1222.686888,9460400
3/1/2019,1224.825439,1238.724471,1221.617971,1229.95739,8877600
3/4/2019,1177.354858,1218.838121,1168.587777,1218.838121,15336800
3/5/2019,1141.43103,1155.543891,1129.02882,1153.191747,13410000
3/6/2019,1146.563232,1149.343039,1126.890756,1131.808875,9468000
3/7/2019,1142.928101,1145.707907,1133.519525,1140.148294,9750400
3/8/2019,1113.633057,1135.01618,1111.922407,1129.670399,9580400
3/11/2019,1117.054443,1121.331068,1105.721387,1106.14905,3258000
3/12/2019,1112.564087,1121.758831,1105.079993,1121.331169,6974800
3/13/2019,1095.243652,1112.563983,1088.401052,1097.381965,5858800
3/14/2019,1092.25,1109.142668,1087.545713,1101.658575,4018400
3/15/2019,1102.941406,1108.287187,1091.394521,1092.463677,8845200
3/18/2019,1095.030029,1107.004581,1094.816198,1103.36945,2590000
3/19/2019,1073.432739,1082.413651,1071.080596,1078.350857,5261600
3/20/2019,1049.697632,1061.886013,1048.200813,1053.118932,12716800
3/22/2019,1086.262695,1088.401008,1060.816778,1064.66574,13179200
3/25/2019,1065.307251,1070.011538,1056.754001,1066.80407,4900400
3/26/2019,1081.55835,1083.910493,1073.432763,1076.640231,4008800
3/27/2019,1081.34314,1088.236164,1072.942267,1081.558547,4932400
3/28/2019,1067.126343,1080.050764,1066.480122,1076.173437,3378000
3/29/2019,1055.063477,1082.204758,1052.478593,1078.112025,7082000
4/1/2019,1058.940796,1066.049227,1057.432947,1060.233238,4414000
4/2/2019,1067.341675,1074.450106,1064.11057,1068.634117,5004400
4/3/2019,1060.66394,1067.772371,1045.370045,1057.648243,7100800
4/4/2019,1084.574219,1093.621313,1061.956484,1065.402996,8047600
4/5/2019,1081.989136,1095.12896,1078.327218,1094.267332,7324000
4/8/2019,1076.173218,1081.773799,1065.618276,1081.342985,4283600
4/9/2019,1073.803467,1083.496778,1070.572363,1076.172943,2462400
4/10/2019,1068.418457,1071.218747,1064.756539,1066.479795,1600800
4/11/2019,1073.588379,1074.880821,1064.541286,1066.264542,2674800
4/12/2019,1066.049316,1070.572864,1052.04786,1070.14205,7344800
4/15/2019,1041.277466,1043.000722,973.855073,975.5783291,26726000
4/16/2019,1038.477051,1048.385772,1022.321527,1026.198853,9169200
4/17/2019,1080.481445,1086.728248,1037.830862,1047.093362,15616400
4/18/2019,1114.085205,1121.409044,1089.528803,1092.759908,14581200
4/19/2019,1113.654053,1119.039227,1091.036321,1115.161902,9602400
4/22/2019,1110.422852,1117.746688,1099.652504,1111.284479,3861200
4/23/2019,1114.946533,1117.100603,1107.622696,1116.023568,5084400
4/24/2019,1108.915161,1122.701208,1106.976498,1120.116324,10245200
4/25/2019,1112.14624,1119.470078,1108.268915,1108.699729,4577600
4/26/2019,1091.036255,1102.02201,1076.173175,1100.729568,10182000
5/7/2019,1085.651123,1103.960715,1077.465658,1085.86653,7549200
5/8/2019,1058.51001,1082.420187,1053.340242,1073.157686,7406400
5/9/2019,1060.44873,1062.387394,1047.308903,1059.587102,7361200
5/10/2019,1034.599854,1063.679799,1019.73677,1056.140554,9949200
5/13/2019,1091.036255,1107.407184,1055.709513,1064.756606,14199600
5/14/2019,1091.251831,1099.868111,1084.574214,1085.220435,11928000
5/15/2019,1091.036255,1106.545556,1087.15893,1098.790905,6692800
5/16/2019,1082.420288,1101.80692,1076.604298,1099.006629,6893600
5/17/2019,1067.772461,1088.882346,1067.772461,1085.435834,4394400
5/20/2019,1118.177734,1124.424537,1073.803892,1076.173369,11292800
5/21/2019,1166.644287,1167.290508,1126.363179,1126.578586,16117600
5/22/2019,1102.237671,1149.84262,1097.28331,1148.334771,14316000
5/23/2019,1101.160522,1109.345988,1067.557032,1091.682615,12563200
5/24/2019,1136.487427,1156.735686,1098.575792,1100.083641,12439200
5/27/2019,1156.95105,1160.182155,1133.471686,1136.271977,6834800
5/28/2019,1184.523071,1184.953885,1158.028011,1162.766965,17120400
5/29/2019,1155.874023,1173.106584,1145.534487,1167.290595,7994800
5/30/2019,1147.042358,1153.289162,1131.74846,1152.642941,5162800
5/31/2019,1111.069214,1139.933749,1110.6384,1134.333168,8080800
6/3/2019,1098.791138,1101.806836,1086.082124,1089.528636,7270800
6/4/2019,1102.883911,1113.438855,1094.483038,1108.699901,5080800
6/5/2019,1116.023682,1131.748393,1113.869612,1124.424555,5728800
6/6/2019,1109.130859,1129.809935,1106.545975,1110.207895,4468800
6/7/2019,1115.808228,1122.05503,1103.314622,1105.037878,3722800
6/10/2019,1142.087646,1146.611192,1124.20887,1127.870788,5368800
6/11/2019,1142.518677,1150.704142,1135.194839,1146.180596,3667200
6/12/2019,1124.209106,1151.781202,1124.209106,1140.795445,5949600
6/13/2019,1116.239014,1137.779713,1107.622734,1127.870991,4110000
6/14/2019,1119.900879,1123.778205,1112.577042,1117.531402,6986000
6/17/2019,1115.161743,1125.285869,1112.361453,1114.515522,4633200
6/18/2019,1115.808228,1126.36317,1111.500088,1115.808228,6967600
6/19/2019,1121.193604,1128.73285,1108.484589,1120.116568,7506000
6/20/2019,1112.14624,1129.809613,1106.761066,1127.87095,6634800
6/21/2019,1093.62146,1112.577278,1084.789772,1109.56158,13251200
6/24/2019,1068.849243,1084.358543,1054.201571,1082.41988,9665200
6/25/2019,1065.61853,1068.203415,1053.771144,1067.341786,8250400
6/26/2019,1053.34021,1061.094862,1049.678291,1057.432943,4753600
6/27/2019,1081.127686,1085.005011,1060.0178,1063.464312,5975200
6/28/2019,1090.820801,1096.205975,1081.773709,1087.589697,6020000
7/1/2019,1107.407227,1110.853738,1091.897925,1097.713913,5290800
7/2/2019,1111.93103,1128.517371,1109.130739,1112.792658,6536000
7/3/2019,1115.808228,1117.10067,1102.02218,1115.808228,3514800
7/4/2019,1107.192017,1113.869634,1096.637073,1107.192017,3796400
7/5/2019,1114.085205,1121.839858,1106.545959,1110.423285,2838800
7/8/2019,1065.61853,1097.714176,1063.033646,1092.544408,9070400
7/9/2019,1030.291382,1063.46405,1028.99894,1063.46405,10332000
7/10/2019,1017.367188,1024.906432,1005.519803,1020.813699,9946000
7/11/2019,988.7180786,1011.766626,987.4256367,1010.043371,8929200
7/12/2019,980.3173828,995.8266888,976.4400563,986.5641866,6556000
7/16/2019,990.4412231,990.6566301,969.7621545,979.240061,8583200
7/17/2019,976.4399414,1000.565526,976.4399414,991.3030246,8184000
7/18/2019,940.682373,966.1003992,936.58964,965.6695852,11499200
7/19/2019,947.7907715,973.4242037,925.3884442,934.8663519,14556000
7/22/2019,964.1617432,967.1774412,948.867846,948.867846,5916800
7/23/2019,973.4243164,986.9949586,958.9920462,962.8693725,7735200
7/24/2019,977.9476929,984.4099023,971.0546695,977.3014719,6211200
7/25/2019,955.7607422,963.7308002,949.51394,962.8691723,6618000
7/26/2019,931.6351318,955.1144912,930.9889109,954.0374564,7437600
7/29/2019,930.7736816,937.6667059,920.2187382,928.8350186,4533200
7/30/2019,923.4497681,924.311396,910.3099416,923.2343611,8245600
7/31/2019,919.5725708,925.1731533,911.602511,916.1260585,8684800
8/1/2019,904.4939575,920.2186679,902.7707016,909.0175043,6918400
8/2/2019,861.6279297,889.4154304,855.1657202,889.4154304,14628400
8/5/2019,841.5951538,857.9660859,831.0402107,846.7649218,9118800
8/6/2019,843.9645386,843.9645386,754.1398289,766.2026196,14497600
8/7/2019,832.5480957,847.1957724,818.54664,844.1800743,9240800
8/8/2019,844.1799316,857.535164,834.9174318,841.8104549,9759200
8/9/2019,847.1957397,858.8277179,839.4410877,853.4425428,6928000
8/13/2019,852.7963257,863.7820828,834.0559164,834.4867304,9303600
8/14/2019,850.6421509,856.8889532,839.871802,854.3040695,8218000
8/15/2019,846.9803467,851.2884868,827.8091232,832.5480773,6366800
8/16/2019,840.9487915,844.6107099,824.5778622,834.2711756,6991200
8/19/2019,835.7790527,852.3653896,835.3482388,846.7648083,5101600
8/20/2019,837.0715942,839.6564782,832.5480473,833.4096753,4057200
8/21/2019,838.5794067,839.0102207,814.884638,821.9930686,5570000
8/22/2019,852.7963257,865.5053389,843.5338245,846.9803366,8605600
8/23/2019,858.6121826,862.0586941,842.6720668,842.6720668,4862400
8/26/2019,862.489563,873.2599122,838.7947948,840.5180506,8274400
8/27/2019,885.3226929,901.4782165,879.7221114,881.2299602,14860400
8/28/2019,879.937561,898.4625623,875.6294212,890.0616896,10750800
8/29/2019,893.5081787,914.4026564,885.7535272,906.8634119,13003600
8/30/2019,882.737854,900.8320413,880.3683771,897.8163435,7949600
9/2/2019,879.937561,881.014596,859.6893038,876.0602352,8160000
9/3/2019,879.937561,883.3840729,870.6750604,872.3983163,4820800
9/4/2019,856.2426758,874.5522676,855.3810479,874.3368606,7402000
9/5/2019,882.3070679,886.1843939,852.365495,852.796309,11872800
9/6/2019,903.8476563,910.5252724,888.9845752,894.3697495,10007200
9/9/2019,897.1702271,911.1716832,893.7237148,909.23302,5651600
9/10/2019,909.2329712,915.6951814,903.632389,911.3870412,6325600
9/11/2019,932.7122192,937.0203588,919.3569865,920.0032075,10843200
9/12/2019,937.2357788,943.9133953,930.5581624,934.866302,8094800
9/13/2019,939.3898315,944.990413,924.3113431,942.1901223,9501200
9/17/2019,929.265686,935.9433022,924.5267326,933.1430116,7191200
9/18/2019,926.25,932.7122093,922.3726744,928.4040698,3759200
9/19/2019,927.3270264,948.2215029,926.8962124,926.8962124,6070800
9/20/2019,961.7922974,970.6239848,918.4954885,935.9434562,16572000
9/24/2019,1002.073303,1012.843653,991.9491748,1007.027664,24448800
9/25/2019,968.0389404,1010.689521,965.6694637,1009.612486,12308800
9/26/2019,981.8251953,985.2717076,967.177518,983.1176374,8844000
9/27/2019,996.3754272,1000.284485,982.9108944,985.7341029,8864800
9/30/2019,996.1582642,1008.102608,991.1633568,996.1582642,9660800
10/1/2019,982.0423584,997.2442525,973.5727317,993.1180241,7283600
10/2/2019,995.7238159,995.9409858,971.8351311,972.2694709,8128800
10/3/2019,956.1989746,975.092754,950.3353879,967.7089782,9713600
10/4/2019,957.5020752,962.4969828,947.5122599,952.0728278,5867600
10/7/2019,954.4616089,963.5827437,948.5980222,956.6333077,4714400
10/8/2019,959.456543,968.7948479,955.9818248,956.6333345,7232400
10/9/2019,945.7748413,968.3605092,943.8203124,944.9061618,7087600
10/10/2019,953.3758545,955.1132137,935.5679228,944.4718887,4383200
10/11/2019,987.9058838,1000.936078,962.9313451,963.5828548,16254800
10/15/2019,1031.556885,1037.854811,1008.319709,1012.011596,16403600
10/16/2019,1043.935791,1058.051836,1033.294465,1052.188248,9640400
10/17/2019,1059.78894,1064.783847,1042.849691,1050.667806,12844000
10/18/2019,1067.172852,1071.733419,1058.703226,1059.789075,7360800
10/21/2019,1071.516235,1073.905104,1062.3951,1064.566799,5803200
10/23/2019,1071.733398,1088.45548,1068.69302,1084.329252,7438000
10/24/2019,1082.157715,1087.586963,1076.945637,1076.945637,5938800
10/25/2019,1088.455566,1094.101984,1078.248581,1082.157639,5736400
10/28/2019,1097.359497,1098.011007,1087.152512,1091.71308,5354000
10/29/2019,1108.869263,1112.12681,1096.056241,1106.263224,8448400
10/30/2019,1115.818848,1118.859226,1099.531107,1109.520921,15671200
10/31/2019,1115.601807,1120.162375,1105.394821,1107.56652,8254800
11/1/2019,1144.702393,1146.222582,1107.349175,1110.823893,6994800
11/5/2019,1161.207397,1167.939664,1141.662107,1152.737772,9755600
11/6/2019,1119.945068,1152.086211,1115.167331,1143.182245,13803200
11/7/2019,1121.46521,1129.934835,1111.041056,1125.808607,6682400
11/8/2019,1097.142334,1125.808761,1089.758557,1125.591591,11862400
11/11/2019,1089.106934,1103.005806,1082.591837,1097.576559,7177200
11/12/2019,1093.667603,1099.74836,1085.632316,1089.107035,5069600
11/13/2019,1101.485596,1107.349182,1090.409932,1094.31899,4811200
11/14/2019,1086.501221,1103.874816,1082.809332,1102.571796,4580800
11/15/2019,1074.3396,1092.799043,1074.3396,1087.586965,6842800
11/18/2019,1071.516235,1078.031332,1063.26378,1069.996046,4746000
11/19/2019,1074.122314,1080.854581,1069.561747,1075.425334,4686800
11/20/2019,1074.122314,1083.24345,1067.607218,1070.213256,4641200
11/21/2019,1073.036255,1075.425123,1059.137384,1065.86965,5043600
11/22/2019,1050.450684,1064.566725,1050.450684,1060.874838,4703200
11/25/2019,1053.708496,1066.087182,1049.365098,1061.092274,4301200
11/26/2019,1055.880005,1068.910198,1055.880005,1060.657742,7586800
11/27/2019,1063.046875,1070.430653,1056.531777,1068.258954,4204400
11/28/2019,1068.041382,1074.122138,1063.480815,1070.43025,3196800
11/29/2019,1054.577148,1081.071879,1053.056959,1081.071879,4610800
12/2/2019,1032.642822,1053.925471,1031.556973,1051.102263,6908800
12/3/2019,1023.73877,1027.864997,1014.400465,1020.046882,6463200
12/4/2019,1023.304504,1024.173184,1007.233933,1008.754122,4524000
12/5/2019,1021.567139,1030.253934,1017.223741,1020.264119,3780400
12/6/2019,1020.046753,1033.945623,1016.354866,1028.516377,5028000
12/9/2019,1024.390259,1026.996297,1012.011576,1016.572144,4297200
12/10/2019,1010.057007,1017.875122,1008.102478,1013.097385,5435200
12/11/2019,1005.930969,1013.749086,996.8098335,998.9815325,8723600
12/12/2019,1008.319763,1017.875238,1003.976366,1007.016744,5068400
12/13/2019,1026.779297,1028.516656,1015.703632,1023.521748,8977200
12/16/2019,1027.213501,1035.683126,1020.698405,1021.349914,5218400
12/17/2019,1009.839905,1028.733684,1009.839905,1022.870097,7559600
12/18/2019,1003.107727,1020.046979,995.7239508,1016.35509,8645600
12/19/2019,1031.556885,1041.763869,1008.102539,1018.309523,12558800
12/20/2019,1022.870117,1027.213515,1010.491434,1023.521627,7798400
12/23/2019,1027.648071,1035.031849,1019.395614,1027.213731,4730400
12/24/2019,1014.8349,1023.956035,1010.491502,1022.001506,4212400
12/25/2019,1001.370239,1010.057034,1000.28439,1009.839864,2289200
12/26/2019,1000.936035,1010.274341,999.198676,1001.370375,2273600
12/27/2019,1002.238953,1012.880276,1002.238953,1009.839898,2489600
12/30/2019,991.8150024,995.7240609,988.9917935,992.6836821,4316400
1/6/2020,970.3149414,995.2894755,966.6230538,993.9864563,5273600
1/7/2020,986.1685181,991.8149355,969.4464357,978.3504016,8744000
1/8/2020,963.1484375,970.0978738,959.6737193,965.3201363,7179600
1/9/2020,982.2592773,982.4764472,966.8402173,971.4007843,7207200
1/10/2020,994.2037964,1001.587573,987.4715295,995.5068158,6138400
1/14/2020,1007.016785,1011.143013,1001.370368,1002.890557,7145200
1/15/2020,1023.73877,1023.73877,1002.238952,1004.193481,5938800
1/16/2020,1049.364746,1065.435315,1031.122478,1052.622294,11204000
1/17/2020,1091.712891,1093.884589,1059.137411,1064.132318,14494400
1/20/2020,1099.09668,1099.31385,1084.980639,1089.758376,7304400
1/21/2020,1101.920044,1106.046272,1092.364569,1096.056457,4812800
1/22/2020,1093.233154,1098.662401,1083.46051,1093.015984,6493200
1/23/2020,1065.435547,1085.198008,1065.435547,1084.546498,6573600
1/24/2020,1038.072021,1056.748631,1036.769002,1047.410326,10402400
1/27/2020,1042.415405,1055.011258,1027.213514,1029.385213,7495600
1/28/2020,1056.531616,1064.784073,1043.935761,1051.753878,6991200
1/29/2020,1066.738403,1077.596897,1058.485948,1068.041423,6225200
1/30/2020,1071.950562,1074.33943,1063.046596,1066.955654,5454400
1/31/2020,1092.798828,1097.142226,1077.379767,1079.334296,7006000
2/3/2020,1091.278931,1095.839499,1073.688166,1079.334584,4572000
2/4/2020,1076.293823,1085.849297,1068.692878,1085.197787,5939200
2/5/2020,1086.501221,1106.046515,1086.501221,1092.364809,5089600
2/6/2020,1108.217896,1115.167332,1093.233174,1101.051289,6961600
2/7/2020,1112.127075,1120.813871,1095.839332,1099.748391,5912800
2/10/2020,1114.733154,1128.414859,1084.329367,1090.410124,8707600
2/12/2020,1083.460449,1109.303663,1072.167616,1101.919888,10935600
2/13/2020,1103.005859,1106.046238,1088.021137,1092.581705,6984000
2/14/2020,1093.884644,1099.74823,1079.985772,1089.975586,4556800
2/17/2020,1091.278931,1099.531388,1078.683074,1097.576859,3312000
2/18/2020,1070.647461,1089.54124,1066.738403,1086.283692,5586400
2/19/2020,1060.875,1078.248593,1058.486131,1077.814253,6229600
2/20/2020,1053.27417,1075.642673,1051.102471,1069.996255,7648800
2/21/2020,1050.016235,1068.692843,1050.016235,1060.223218,4882800
2/25/2020,1024.607422,1030.471008,1008.319682,1009.839871,9090800
2/26/2020,1028.950928,1033.511495,1004.193561,1015.920734,6971200
2/27/2020,1002.456299,1013.966304,990.5119538,1011.577435,7483200
2/28/2020,941.8657837,982.4765519,928.4012509,977.2644747,13823600
3/2/2020,940.3455811,962.9312486,931.441616,931.441616,9302400
3/3/2020,949.901001,972.0523275,940.1283569,951.2040202,10352800
3/4/2020,926.8811035,938.8254476,918.8458175,934.6992197,8661200
3/5/2020,915.5883179,929.9215316,905.3813324,928.6185121,8222800
3/6/2020,860.8613281,891.6994484,856.5179309,887.3560511,12780400
3/9/2020,798.0993652,818.5133354,790.4984189,815.255787,18951600
3/10/2020,823.942627,828.0688552,776.8167571,794.8418594,13979600
3/11/2020,801.5739746,846.7453067,799.402276,839.1443614,8638000
3/12/2020,748.8017578,788.1095067,736.8574142,781.8115801,12471600
3/13/2020,698.2012329,735.5544559,674.9640535,703.1961406,20580000
3/16/2020,666.2772217,710.1455394,663.671183,685.1710021,10439200
3/17/2020,642.0628052,673.8781953,635.5477082,653.247055,16128400
3/18/2020,622.4089355,667.1459351,619.8028967,647.709229,17479600
3/19/2020,535.432312,639.4566793,529.4601406,627.6209214,27367200
3/23/2020,542.9246826,565.0760097,534.3464726,536.3010015,18168400
3/24/2020,568.8765259,573.3285086,545.6393477,553.7832185,16223200
3/25/2020,632.2900391,637.0677759,591.8964456,612.3104122,21966800
3/26/2020,610.8989258,636.307804,594.7197683,627.9467628,19250800
3/27/2020,634.8961182,642.8228185,612.3104516,623.8204547,16840800
3/30/2020,618.2261963,618.3365938,598.575435,615.1350653,11489600
3/31/2020,570.6448364,615.5766314,566.0081401,609.8359598,15289200
4/1/2020,559.6049805,578.1517622,554.4162975,560.8193531,13489600
4/2/2020,569.4304199,580.1389796,548.1236981,556.4035123,14188800
4/3/2020,551.6564331,576.4958763,543.0454261,562.364993,15877200
4/6/2020,573.5152588,577.8207631,539.6232117,551.4357493,9372000
4/7/2020,608.5111084,612.485419,584.5548474,603.8744127,11163200
4/8/2020,620.1028442,622.200397,585.3276269,608.8422977,9444800
4/9/2020,667.2427368,667.2427368,613.9207246,618.6678188,16461600
4/10/2020,691.5301514,703.453085,668.3466693,688.8806106,13883200
4/13/2020,669.8922119,690.8677426,667.6842613,676.0744736,6843600
4/14/2020,705.2194214,706.5441917,653.0013897,658.3004712,6662800
4/15/2020,670.9962158,703.0115009,669.2298553,702.3491157,9320800
4/16/2020,647.2607422,659.9564586,643.0656359,659.0732783,9379600
4/17/2020,697.7124634,698.8164388,667.0219468,667.9051271,9539200
4/20/2020,707.6480713,712.0639719,689.3220838,694.8419595,9250000
4/21/2020,676.2952271,706.5441484,675.6328419,706.5441484,8115200
4/22/2020,661.9434814,668.3465371,649.1373701,662.8266615,7537600
4/23/2020,678.9447632,692.634056,671.6585267,681.8150988,7788000
4/24/2020,675.1912231,691.7508509,669.0089621,680.9318941,7826000
4/27/2020,689.5429688,689.5429688,667.4634629,674.5289047,5786800
4/28/2020,700.5827026,701.0242927,676.2952468,683.1398935,5492800
4/30/2020,765.9381104,771.016397,730.3901035,730.3901035,13007200
5/1/2020,722.4413452,757.9893454,719.1294197,750.4823143,9413200
5/7/2020,700.1411133,727.2989048,699.2579331,710.9600709,9066800
5/8/2020,738.5595093,743.4170008,708.5313798,715.596822,7742000
5/11/2020,795.5245972,799.0573181,756.2230767,761.7429532,10769600
5/12/2020,775.8738403,803.6940179,775.4322502,797.5117562,7185600
5/13/2020,776.9777222,791.1086043,773.4450016,779.6272626,8834000
5/14/2020,760.4181519,774.32824,744.5209083,753.3527103,5782400
5/15/2020,774.1074219,783.1600187,764.613235,781.1728633,7493200
5/18/2020,779.4064941,794.1997619,778.523314,783.3808049,5987600
5/19/2020,777.6401978,814.2921775,777.6401978,810.3178665,9089600
5/20/2020,765.0549316,784.4848982,764.8341366,776.7570706,7237600
5/21/2020,784.7055664,787.1343118,776.53615,783.6015912,5946800
5/22/2020,769.6916504,788.9008224,769.6916504,783.6017405,3874400
5/25/2020,781.3936157,784.4847462,772.5618145,776.094535,4277600
5/26/2020,832.8388672,852.2688302,790.2254257,790.4462207,11265600
5/27/2020,824.6695557,844.5411112,804.35641,832.8389729,13292800
5/28/2020,866.3999023,868.6078532,828.2023531,834.6054105,13467600
5/29/2020,827.0981445,856.2430872,825.9941694,849.3984415,11582400
6/1/2020,835.4885254,844.9827132,824.6695672,829.5270586,7279200
6/2/2020,841.2290649,853.3727916,830.6309035,840.7874749,7873600
6/3/2020,881.1930542,891.1288316,859.334344,861.1007044,10622400
6/4/2020,876.1148071,898.8566985,868.1661849,893.9992072,7540400
6/5/2020,900.6229858,902.6101412,865.9581639,875.4523508,6122000
6/8/2020,919.8321533,939.0413221,903.9349102,934.8462163,7801200
6/9/2020,929.9887695,931.75513,909.8964196,927.3392289,7560400
6/10/2020,917.4033813,920.2737168,905.9220394,915.416226,9154800
6/11/2020,869.711731,899.0774736,868.8285507,893.116007,12632800
6/12/2020,852.0480347,852.7104198,818.0455995,838.8003327,14048800
6/15/2020,790.6671143,850.0609857,788.2383686,846.5282647,9571600
6/16/2020,854.918457,863.9710543,825.1111245,831.293386,12142000
6/17/2020,828.2022095,842.3330923,817.1624573,840.1251418,8639600
6/18/2020,809.6554565,821.3575943,801.4860396,821.3575943,7724800
6/19/2020,812.5257568,816.7208626,797.732489,816.2792726,7869600
6/22/2020,798.6156616,807.0058732,792.8749906,797.7324815,6336800
6/23/2020,825.3318481,825.9942333,793.5373628,797.0700834,7578800
6/24/2020,843.2162476,846.5281731,827.3190049,836.3716014,8435600
6/25/2020,824.2279663,826.4359169,818.2664996,823.123991,8377200
6/26/2020,836.1509399,841.4500217,825.7735715,830.189473,6262400
6/29/2020,791.1087036,826.4359134,790.4463184,824.0071677,7554400
6/30/2020,807.4475098,818.9288525,806.3435345,811.4218207,7984800
7/1/2020,771.0162354,798.1740237,767.7043099,795.5244834,8603600
7/2/2020,790.6671143,801.9276624,775.432255,781.6145167,7413200
7/3/2020,791.9919434,797.5118203,777.8610584,795.7454597,4616400
7/6/2020,832.618042,835.0467873,792.2125523,792.4333473,7101200
7/7/2020,846.7491455,847.8531209,812.7467026,823.7864568,8618800
7/8/2020,837.6964722,840.1252179,817.6041214,831.2934153,8200000
7/9/2020,836.5924072,842.1122832,827.9814007,835.7092271,5715600
7/10/2020,806.3434448,834.6052085,803.6939045,833.0596433,10722000
7/13/2020,850.7233276,855.3600237,818.0456602,820.2536107,7131600
7/14/2020,837.9172363,855.3600457,835.2676957,837.9172363,5808400
7/15/2020,872.1404419,886.9337101,856.6847885,856.6847885,9819200
7/16/2020,875.4523926,901.285414,870.8156964,887.5961206,8179200
7/17/2020,861.5422974,882.5178274,861.3215023,870.8156896,4180800
7/20/2020,830.1894531,860.8799675,826.656732,860.6591724,8039600
7/21/2020,823.3447876,837.2548765,818.4872962,836.3716963,7944000
7/22/2020,823.7862549,838.3587268,822.2406897,825.5526151,4350000
7/27/2020,817.3833008,819.5912514,790.0047137,799.2781061,5060400
7/28/2020,791.5502319,818.4872273,790.6670518,817.6040471,5776800
7/29/2020,753.131897,778.9649172,752.2487168,776.0945816,10263200
7/30/2020,794.1998901,797.5118163,767.704481,768.3668662,13087200
7/31/2020,766.6004639,791.7711012,765.2756935,791.5503062,11493200
8/3/2020,815.175293,834.6052566,795.5245343,808.7722368,14265600
8/4/2020,877.6603394,884.0633959,859.996735,872.5820531,17414000
8/5/2020,868.6078491,880.7515786,855.8017344,869.7118245,12321200
8/6/2020,873.6860352,888.0377138,867.0621835,870.5949044,5183600
8/7/2020,864.854248,881.1930824,858.8927814,874.3484356,5456400
8/11/2020,913.208374,916.741095,891.1288679,891.7912531,8776000
8/12/2020,912.7668457,924.6897798,904.818223,911.8836654,5838400
8/13/2020,927.5599976,945.2236014,927.3392025,927.3392025,7168800
8/14/2020,926.2351685,931.0926592,917.6241621,931.0926592,4660800
8/17/2020,944.3403931,947.8731137,933.300641,936.6125666,4720400
8/18/2020,927.7808228,941.0285261,920.936176,938.1581904,5001200
8/19/2020,916.7410278,921.1569287,899.7398093,908.3508161,5275600
8/20/2020,914.3123779,933.5215489,912.1044272,925.3521313,4091600
8/21/2020,925.1312866,937.7166048,914.0915338,914.3123289,4541600
8/24/2020,925.3522339,928.2225701,913.650094,923.144283,3128400
8/25/2020,950.522583,965.5366447,943.4571422,946.7690676,6705600
8/26/2020,933.3006592,944.3404115,930.4303236,938.3789452,4016400
8/27/2020,929.7678833,932.4174237,920.0529019,927.559933,3799600
8/28/2020,947.8731079,984.5250846,939.7036914,955.6009343,8668400
8/31/2020,960.237793,980.9925303,956.0426865,960.458588,5848400
9/1/2020,957.809021,963.991283,938.5998498,952.7307343,5949600
9/2/2020,965.7575073,979.2260048,964.6535321,973.2645387,5460000
9/3/2020,1001.30542,1012.124376,984.9665884,986.7329485,9112000
9/4/2020,1013.449341,1018.527627,996.8897111,1001.305612,10490400
9/7/2020,1030.671509,1060.920437,1023.606066,1043.256829,9426400
9/8/2020,1032.216919,1046.127008,1021.177166,1046.127008,9771600
9/9/2020,1026.034546,1030.008857,1010.358098,1019.1899,9420000
9/10/2020,1005.721436,1041.490233,1001.747125,1041.490233,10310000
9/11/2020,971.2774048,988.9410084,967.0822989,979.6676165,13456800
9/14/2020,977.6806641,990.4867794,970.8360162,982.0965659,7463200
9/15/2020,974.1477661,981.8755929,971.9398156,979.4468473,4892000
9/16/2020,956.704834,962.2247096,943.0155426,952.0681385,5774000
9/17/2020,942.3532104,954.4969374,938.3788998,945.885931,6370800
9/18/2020,950.0811157,976.5765222,949.4187306,953.8346316,7692000
9/23/2020,915.8579102,922.2609669,906.8053127,919.1698361,9324000
9/24/2020,916.2996216,929.1057368,911.6629247,918.5075725,10240000
9/25/2020,944.5614014,954.7179756,913.8708837,913.8708837,13030400
9/28/2020,962.8872681,964.8744236,931.7551642,934.6255001,8201600
9/29/2020,991.3908081,999.8528141,968.2316338,971.1265306,6766000
9/30/2020,998.2940063,1025.01613,996.7352158,1003.193062,10035600
10/2/2020,996.0674438,1029.024739,986.0466446,1023.457628,8477600
10/5/2020,1033.032959,1045.948655,1029.470008,1031.028799,8036800
10/6/2020,1055.96936,1057.750835,1039.045347,1041.71756,5399200
10/7/2020,1071.334595,1076.010967,1050.179578,1055.969372,7070400
10/8/2020,1067.771606,1072.893347,1043.944378,1055.74665,8382800
10/9/2020,1083.582153,1089.594631,1073.338672,1076.233569,6229600
10/12/2020,1080.464844,1087.590745,1070.22136,1083.359741,3624000
10/13/2020,1053.742432,1084.25019,1053.074379,1084.25019,7258000
10/14/2020,1046.839111,1051.738167,1037.041,1048.175217,4772000
10/15/2020,1042.385498,1055.301191,1038.822548,1044.612342,3574000
10/16/2020,1027.243042,1037.709208,1022.343986,1033.700889,3016400
10/19/2020,1031.696533,1041.940013,1027.242846,1033.923377,3059600
10/20/2020,1032.142212,1035.037109,1024.793627,1027.911208,3023600
10/21/2020,1039.935913,1046.171075,1031.028539,1040.381282,4241200
10/22/2020,1030.583252,1041.272102,1015.886084,1039.935995,4201600
10/23/2020,1031.474121,1043.05371,1022.344061,1037.4866,4231200
10/26/2020,1029.024414,1029.469783,1015.440668,1021.230462,3718000
10/27/2020,1017.667664,1022.344036,1011.877869,1022.121351,3581600
10/28/2020,985.3781738,999.1846025,980.9244872,997.6258121,5489600
10/29/2020,998.9620972,1001.188941,973.5760786,973.5760786,4323600
10/30/2020,992.5042725,1005.865335,988.9413224,1004.974598,4498800
11/2/2020,1035.482422,1039.93611,1004.306607,1004.751976,7934000
11/4/2020,1039.04541,1058.418953,1031.251456,1057.7509,8353600
11/5/2020,1089.817505,1096.275353,1033.923718,1040.158881,10781600
11/6/2020,1109.636353,1151.946388,1102.287767,1110.972459,10345200
11/9/2020,1113.421875,1127.005622,1104.069131,1125.224147,6427200
11/10/2020,1121.661133,1161.076265,1117.43013,1153.059628,8012800
11/11/2020,1143.484253,1149.719415,1130.791244,1142.593515,6938800
11/12/2020,1144.375,1153.727744,1127.005619,1138.362522,5720800
11/13/2020,1152.169067,1162.857918,1132.795525,1162.857918,6005600
11/16/2020,1202.050293,1204.722506,1161.74442,1164.416632,8263600
11/17/2020,1202.940918,1229.217673,1198.932599,1227.436198,6625200
11/18/2020,1197.819336,1209.844293,1186.907801,1192.697595,4220800
11/19/2020,1190.470703,1194.479022,1177.777693,1180.449906,5450000
11/20/2020,1212.516479,1215.188692,1178.891137,1179.113822,4753200
11/24/2020,1234.3396,1249.259454,1222.982695,1226.545646,6602000
11/25/2020,1257.721191,1295.132162,1256.60777,1278.876204,5818800
11/26/2020,1267.073975,1271.527662,1243.692117,1246.587014,4137200
11/27/2020,1267.296875,1277.317673,1254.826549,1274.868144,5485200
11/30/2020,1247.923462,1287.115919,1244.360511,1287.115919,8047600
12/1/2020,1245.250854,1284.443299,1230.553688,1257.943862,7818000
12/2/2020,1215.188477,1245.696232,1201.159363,1231.221749,10238000
12/3/2020,1225.877686,1226.991108,1201.159716,1201.159716,4958400
12/4/2020,1247.032593,1253.045071,1214.297987,1214.297987,4029600
12/7/2020,1227.213501,1242.578722,1222.759814,1234.562085,3976400
12/8/2020,1188.911987,1203.831842,1185.571721,1189.357356,9597600
12/9/2020,1187.575806,1195.815128,1167.97958,1185.571646,9126800
12/10/2020,1173.101318,1182.676747,1169.538368,1181.117956,6602000
12/11/2020,1194.924316,1195.815054,1163.971189,1170.206352,8006800
12/14/2020,1178.000244,1190.025199,1174.659979,1178.000244,5344000
12/15/2020,1171.987793,1175.328058,1152.168885,1162.189681,3952400
12/16/2020,1173.992065,1187.353128,1167.979587,1186.90776,3278400
12/17/2020,1148.383423,1165.752806,1147.047316,1165.752806,5471200
12/18/2020,1153.950439,1157.736074,1141.034746,1141.25743,5932000
12/21/2020,1127.005737,1165.084769,1125.669631,1165.084769,6459600
12/22/2020,1102.28772,1121.438577,1097.388663,1104.737248,8221200
12/23/2020,1072.225464,1083.359685,1057.305608,1077.792574,11443600
12/24/2020,1086.254639,1101.842549,1079.79679,1092.044434,4259600
12/25/2020,1082.246094,1092.266891,1080.909987,1085.586359,1772000
12/28/2020,1069.330566,1092.935115,1062.42735,1090.040217,4158800
12/29/2020,1079.57373,1082.691311,1061.090929,1070.666356,6118000
12/30/2020,1064.876465,1081.800474,1047.061718,1081.57779,5367600
1/4/2021,1091.153687,1093.603215,1051.961228,1080.464834,6544000
1/5/2021,1075.342896,1083.804902,1058.196198,1078.683161,6232400
1/6/2021,1083.80481,1090.262656,1066.880798,1066.880798,5966800
1/7/2021,1118.098267,1136.58107,1105.627941,1114.980685,7036400
1/8/2021,1144.597656,1144.820341,1113.867213,1135.467597,8352400
1/12/2021,1183.790161,1188.021164,1149.496767,1158.404142,9340400
1/13/2021,1158.849609,1194.256429,1157.290819,1191.361532,6183600
1/14/2021,1162.412476,1177.109645,1149.496781,1157.513419,4142000
1/15/2021,1142.816284,1167.97962,1138.139912,1167.311567,5867200
1/18/2021,1121.215942,1134.799691,1119.211783,1130.346003,2528000
1/19/2021,1164.862061,1170.206486,1129.232558,1131.236717,4642000
1/20/2021,1165.752808,1179.55924,1159.072276,1171.542602,4498000
1/21/2021,1149.71936,1173.101218,1147.492517,1158.181366,4770000
1/22/2021,1135.244873,1139.69856,1122.32918,1129.009711,3564400
1/25/2021,1143.929565,1145.933725,1125.446763,1139.475878,2764800
1/26/2021,1113.199219,1128.341757,1107.854794,1122.329278,6511200
1/27/2021,1118.989014,1122.551964,1106.07332,1115.426064,5740800
1/28/2021,1106.741333,1119.434342,1081.355315,1085.363633,7188000
1/29/2021,1048.398071,1091.598841,1046.171227,1071.111878,10139600
2/1/2021,1083.136963,1088.926758,1053.742621,1063.540735,4962400
2/2/2021,1094.939087,1096.497878,1071.779912,1073.784071,4568800
2/3/2021,1107.409546,1128.787249,1093.157744,1105.850755,5056800
2/4/2021,1118.543701,1141.257509,1111.863169,1132.795502,5068400
2/5/2021,1137.917114,1159.962867,1126.337527,1138.585167,6260000
2/8/2021,1108.522827,1143.929643,1093.38029,1138.139849,9831200
2/9/2021,1094.493774,1114.090001,1078.460498,1113.421948,8686800
2/10/2021,1100.060791,1123.665334,1083.359463,1086.25436,6815600
2/12/2021,1092.489624,1101.174315,1085.586408,1100.506262,6930000
2/15/2021,1104.514526,1109.413583,1094.271045,1100.951576,5383600
2/16/2021,1138.362793,1146.824801,1110.749924,1110.972608,7076400
2/17/2021,1155.731812,1157.513286,1128.787004,1152.168862,5827600
2/18/2021,1118.543701,1168.647689,1116.98491,1160.853736,5956800
2/19/2021,1102.510254,1115.648631,1093.157511,1108.9681,4374400
2/22/2021,1095.161865,1119.879833,1095.161865,1112.085879,4036800
2/24/2021,1106.518677,1125.00148,1095.161773,1099.170092,6632800
2/25/2021,1069.998413,1088.258532,1058.196141,1072.225257,11067600
2/26/2021,1024.125488,1072.225316,1022.344013,1066.88089,10950400
3/1/2021,1065.767334,1067.548809,1028.801731,1039.713264,7360800
3/2/2021,1047.28479,1072.00276,1039.490836,1068.885178,7360400
3/3/2021,1054.855713,1066.212614,1047.284445,1060.200137,5548800
3/4/2021,1035.704834,1073.561171,1025.461355,1063.095007,5676800
3/5/2021,1049.511353,1050.624774,1020.785071,1038.822504,5186400
3/8/2021,1033.923462,1069.330274,1026.574878,1064.208534,5608000
3/9/2021,1086.254639,1086.254639,1050.179761,1063.095458,7596400
3/10/2021,1061.313965,1079.796772,1057.973698,1072.002817,7034000
3/11/2021,1062.649902,1069.10775,1042.608307,1042.608307,5982000
3/12/2021,1091.153687,1096.275428,1069.775982,1072.22551,10336800
3/15/2021,1085.363525,1099.392639,1082.913998,1091.153319,5336400
3/16/2021,1071.780029,1081.355459,1068.217079,1076.679086,5411200
3/17/2021,1075.342896,1079.351214,1062.427201,1067.103573,4740400
3/18/2021,1065.544678,1077.792318,1056.859988,1076.010843,9044400
3/19/2021,1073.561279,1083.359391,1051.070159,1051.738212,14515600
3/22/2021,1042.163086,1065.990319,1041.272348,1058.864417,6502800
3/23/2021,1057.750854,1069.998496,1042.385632,1042.385632,7046400
3/24/2021,1045.057739,1065.544701,1043.05358,1049.511427,5320400
3/25/2021,1059.977661,1065.767455,1039.936067,1039.936067,5064000
3/26/2021,1082.46875,1102.064975,1076.901641,1079.573853,5496400
3/29/2021,1106.296021,1110.304339,1091.598851,1093.157642,8144400
3/30/2021,1125.203247,1127.003932,1105.620794,1115.974735,5333600
3/31/2021,1131.05542,1146.361245,1124.527936,1132.180848,6356000
4/1/2021,1133.081177,1156.490085,1123.177408,1148.161916,6711200
4/2/2021,1168.194458,1169.319886,1144.785552,1147.711665,5102800
4/5/2021,1134.65686,1173.371596,1134.65686,1161.216969,7382400
4/6/2021,1074.33374,1138.258061,1072.983226,1137.357718,11118400
4/7/2021,1091.665405,1097.292547,1076.584667,1090.089806,5466400
4/8/2021,1074.55896,1093.466156,1063.304677,1093.466156,6478000
4/9/2021,1079.735962,1095.717045,1079.510876,1088.964474,5389200
4/12/2021,1059.028076,1086.263442,1058.802991,1080.6363,4484400
4/13/2021,1058.802856,1072.082909,1058.352685,1059.478113,3833600
4/14/2021,1052.500488,1059.478143,1046.648261,1057.902544,5406400
4/15/2021,1057.902588,1068.706699,1050.699847,1055.651731,4426000
4/16/2021,1061.053711,1067.131023,1054.526227,1060.153368,3856400
4/19/2021,1050.924927,1066.906008,1050.699841,1058.127668,4387200
4/20/2021,1027.740967,1041.696276,1023.014169,1041.021019,6137200
4/21/2021,984.7498779,1004.107247,973.7206793,1001.631304,8728000
4/22/2021,990.8272095,997.3546945,980.4732677,993.7533234,7661200
4/23/2021,976.8717041,985.4249587,961.1157089,968.0933639,6112400
4/26/2021,971.4697266,985.1999521,964.0418996,979.5728105,6040000
4/27/2021,969.6690063,977.77209,964.7171219,966.7428928,6266000
4/28/2021,968.7686768,974.3958182,963.1415353,966.9679915,5237600
4/30/2021,933.4301147,961.5658187,930.9541728,956.6139348,8348000
5/6/2021,970.569397,977.7721383,957.9645996,964.9422553,9088000
5/7/2021,976.8717041,982.4988453,970.7943917,977.9971323,6492800
5/10/2021,967.1931763,983.6244311,966.7430049,976.8718606,5573200
5/11/2021,925.1021118,955.0385062,920.825484,954.8134205,8558400
5/12/2021,945.5847778,956.6139742,923.526385,928.4782691,7855600
5/13/2021,928.2532349,947.6106011,919.9250657,942.433631,5847200
5/14/2021,956.6140137,960.890641,912.4972262,923.7515087,13153600
5/17/2021,981.5986328,989.7017171,955.7137801,956.6141228,9325600
5/18/2021,991.052063,998.2548034,980.473038,981.8235518,7669600
5/19/2021,1010.85968,1012.885451,975.0710609,976.8717462,8718000
5/20/2021,1019.187744,1025.490142,1000.955808,1008.833805,5413200
5/21/2021,1045.072632,1050.699773,1010.184357,1015.136242,9316400
5/24/2021,1032.692993,1055.426644,1029.991965,1039.895734,4874000
5/25/2021,1037.644775,1046.648201,1024.589809,1029.766778,4040800
5/26/2021,1052.725586,1058.127642,1031.79262,1031.79262,5359600
5/27/2021,1063.529663,1066.005605,1053.400809,1060.153378,6939200
5/28/2021,1086.038086,1090.539798,1066.455638,1077.034661,8148800
5/31/2021,1067.581177,1078.610373,1059.478094,1072.758146,4262000
6/1/2021,1090.540161,1096.84256,1069.382106,1076.584848,5036000
6/2/2021,1095.041626,1099.768424,1082.661916,1098.417911,6382000
6/3/2021,1095.942017,1111.698012,1092.115561,1096.167102,7227200
6/4/2021,1096.167236,1103.595064,1082.211924,1097.292665,3942400
6/7/2021,1087.61377,1107.196219,1074.108632,1105.170449,4354000
6/8/2021,1084.912842,1089.414555,1075.234159,1087.61387,5045200
6/9/2021,1088.739258,1093.916228,1079.510746,1087.163658,6484800
6/10/2021,1077.259888,1088.063999,1068.706633,1075.459203,5195200
6/11/2021,1071.407715,1074.333828,1059.478175,1074.333828,5570800
6/14/2021,1065.555542,1086.713595,1062.404343,1083.562395,3134400
6/15/2021,1073.658569,1077.034854,1059.928344,1062.629372,4601600
6/16/2021,1059.478271,1078.610554,1056.777243,1057.902672,3764000
6/17/2021,1036.744629,1058.127768,1027.516116,1053.626055,6320800
6/18/2021,1024.36499,1033.593504,1016.03682,1033.593504,10459200
6/21/2021,977.5469971,989.2514511,958.8648878,988.8012798,12348000
6/22/2021,1049.574219,1052.725417,1008.383551,1013.335435,10976400
6/23/2021,1053.851074,1056.101931,1029.316737,1033.81845,8220800
6/24/2021,1060.828613,1075.684265,1052.275359,1053.625873,5128400
6/25/2021,1071.407715,1072.082972,1063.979888,1071.407715,5545600
6/28/2021,1086.26355,1092.115778,1078.385551,1089.189664,4323600
6/29/2021,1070.282227,1081.98668,1065.330342,1074.333768,5562000
6/30/2021,1058.127563,1086.263268,1057.227221,1083.787326,5185600
7/1/2021,1054.075928,1064.654952,1048.448787,1051.3749,4057200
7/2/2021,1071.182617,1082.211814,1057.902564,1057.902564,5440000
7/5/2021,1071.63269,1075.459146,1062.854351,1064.880121,2581200
7/6/2021,1073.208374,1076.359573,1060.828663,1072.533117,2229200
7/7/2021,1055.651733,1058.577847,1047.098478,1047.098478,3181200
7/8/2021,1054.976563,1065.555589,1052.275534,1060.82879,5835200
7/9/2021,1032.0177,1034.493642,1005.007422,1023.464446,10692800
7/12/2021,1064.655151,1066.230751,1049.349327,1063.529723,5013600
7/13/2021,1068.706665,1072.758207,1061.72901,1066.005637,2828800
7/14/2021,1039.220337,1057.902444,1039.220337,1057.902444,3929200
7/15/2021,1023.23938,1039.220461,1020.988523,1037.644862,4119600
7/16/2021,1032.0177,1048.448953,1023.464446,1025.490216,4618400
7/19/2021,1004.107117,1017.38717,991.9524912,1012.885457,5564000
7/20/2021,983.8493652,995.7789046,979.3476523,993.7531337,4470400
7/21/2021,1021.663818,1055.651753,1002.081366,1015.36142,15650800
7/26/2021,1008.158569,1038.094959,1003.431771,1025.490163,7495600
7/27/2021,1020.313293,1026.390606,1012.885467,1014.010895,4036000
7/28/2021,1013.560913,1020.988741,1004.557485,1004.557485,4232800
7/29/2021,998.7050171,1018.73764,995.1036467,1008.3837,5443600
7/30/2021,997.1294556,1003.882025,990.8270572,995.553856,3818000
8/2/2021,1010.634399,1018.28731,1003.656745,1007.708286,3146800
8/3/2021,1002.981567,1011.984993,996.2289985,1001.180882,2912800
8/4/2021,1015.586548,1016.711976,996.9044372,998.4800369,3677600
8/5/2021,1010.85968,1013.560708,1004.332196,1008.833909,2718800
8/6/2021,1048.448975,1064.880227,1005.457615,1018.062411,9460000
8/10/2021,1033.368164,1047.323474,1022.113882,1032.917993,6680000
8/11/2021,1086.713623,1093.916365,1048.89923,1049.124316,11892000
8/12/2021,1104.045166,1112.823507,1084.912885,1084.912885,7109200
8/13/2021,1100.44397,1106.971455,1088.514428,1102.244655,5193200
8/16/2021,1081.536499,1086.263297,1073.658502,1076.134444,4759600
8/17/2021,1048.448975,1088.06405,1047.998803,1081.31148,5029200
8/18/2021,1061.278809,1071.182577,1049.799441,1051.600126,3396800
8/19/2021,1055.201172,1078.384986,1053.175402,1059.702883,4418000
8/20/2021,1000.05542,1045.972887,998.2547349,1041.921346,7506800
8/23/2021,1018.737732,1036.069328,1006.808192,1023.464531,5341600
8/24/2021,1031.117554,1040.796238,1018.962926,1027.516183,4328400
8/25/2021,1044.172485,1054.751512,1033.593458,1037.194829,2821200
8/26/2021,1034.49353,1049.124096,1029.541647,1044.397298,3788400
8/27/2021,1047.323486,1050.474685,1019.637953,1021.888809,3396000
8/30/2021,1063.529663,1066.905948,1052.950638,1057.677436,3991200
8/31/2021,1070.507324,1072.758181,1045.297732,1054.976415,4644000
9/1/2021,1070.057251,1085.588162,1065.555538,1071.857936,4756400
9/2/2021,1062.404419,1082.437045,1060.603733,1072.75836,3926000
9/3/2021,1082.661865,1086.03815,1060.828559,1062.404159,4712400
9/6/2021,1108.546997,1108.546997,1081.086544,1090.540142,4548400
9/7/2021,1132.180664,1144.110202,1123.177239,1126.103352,6691600
9/8/2021,1137.357788,1141.859501,1109.897339,1117.550251,5039200
9/9/2021,1118.000488,1137.808027,1111.923175,1129.254771,4342800
9/10/2021,1139.608765,1143.210135,1112.148312,1112.148312,7954800
9/13/2021,1128.129395,1142.309792,1122.727338,1131.055508,4498000
9/14/2021,1156.48999,1173.821584,1136.90754,1144.785537,8270400
9/15/2021,1147.261719,1159.19126,1144.335605,1146.13629,3707600
9/16/2021,1155.364868,1171.796124,1148.387212,1160.541839,4571200
9/17/2021,1168.869629,1174.721855,1154.689235,1169.995057,7132800
9/21/2021,1144.785767,1156.265136,1140.058967,1144.11051,5560000
9/22/2021,1136.682495,1148.386949,1128.129241,1145.685921,3999600
9/24/2021,1165.943604,1166.61886,1142.084526,1147.486581,6546000
9/27/2021,1153.564087,1181.924882,1152.438659,1169.54517,4739200
9/28/2021,1168.194458,1179.898911,1137.13264,1146.361151,7261600
9/29/2021,1172.73584,1180.682743,1160.020795,1167.740644,5652000
9/30/2021,1134.136475,1173.870986,1133.455312,1173.189823,7436400
10/1/2021,1094.629028,1123.237877,1088.725615,1122.783768,5563600
10/4/2021,1092.812622,1114.836895,1087.817426,1101.894796,3904000
10/5/2021,1080.097412,1087.36315,1063.749501,1070.788185,4553200
10/6/2021,1060.797852,1083.730339,1048.082809,1077.372818,6155200
10/7/2021,1068.971558,1072.83148,1044.676749,1044.903804,6442800
10/8/2021,1095.536987,1121.421177,1094.174662,1100.759236,8226800
10/11/2021,1130.276489,1131.184707,1096.672447,1099.851208,3872400
10/12/2021,1137.769287,1145.035026,1130.503548,1130.957657,5210000
10/13/2021,1149.576172,1157.29602,1137.542291,1137.542291,4515200
10/14/2021,1143.672729,1157.523044,1130.730632,1147.986762,4215600
10/15/2021,1169.102783,1171.600381,1156.614795,1156.614795,4040400
10/18/2021,1197.484619,1207.020902,1190.21888,1191.80826,6724800
10/19/2021,1189.53772,1206.79385,1185.450741,1202.252763,4138800
10/20/2021,1192.035278,1209.972571,1189.764735,1207.247919,4479600
10/21/2021,1163.199341,1199.982143,1160.474689,1193.170513,4014800
10/22/2021,1160.247681,1167.059311,1151.619616,1160.020626,4419600
10/25/2021,1146.85144,1158.658266,1136.179887,1140.720973,5951600
10/26/2021,1168.648804,1178.639196,1164.561825,1166.832369,5898000
10/27/2021,1167.51355,1168.648822,1150.257418,1165.243006,7188000
10/28/2021,1163.65332,1173.416655,1141.401998,1152.527659,26310400
10/29/2021,1152.300659,1164.788647,1136.406857,1159.793452,5143200
11/1/2021,1191.126953,1192.03517,1172.281445,1177.049585,5123200
11/2/2021,1191.354126,1206.112658,1176.595594,1196.576376,4258400
11/4/2021,1231.088501,1231.088501,1207.247798,1214.059427,6362000
11/5/2021,1229.953247,1239.943637,1217.238205,1234.040225,5064800
11/8/2021,1236.537842,1253.339862,1231.088538,1237.446059,3784400
11/9/2021,1220.644165,1250.615339,1217.23835,1248.798904,4102400
11/10/2021,1197.257568,1219.28184,1188.402449,1208.83734,4811200
11/11/2021,1182.499023,1198.846936,1176.822665,1197.711664,3763200
11/12/2021,1154.344116,1182.952959,1138.22326,1159.566365,9910400
11/15/2021,1174.779175,1181.363751,1151.165523,1157.977153,5518000
11/16/2021,1178.639038,1198.619819,1174.325006,1180.001364,5163200
11/17/2021,1219.054688,1219.508796,1181.136615,1185.450647,7675200
11/18/2021,1205.431396,1215.421787,1187.948214,1212.243026,4732000
11/19/2021,1210.653687,1214.059501,1187.494145,1199.528024,4835200
11/22/2021,1199.073853,1202.933776,1181.817724,1198.39269,3176800
11/24/2021,1181.59082,1217.465407,1181.136712,1206.566798,5405600
11/25/2021,1152.073853,1182.272083,1149.576255,1171.600528,5345600
11/26/2021,1115.744995,1157.068884,1112.793289,1145.035004,7362400
11/29/2021,1072.831787,1095.99133,1068.744809,1092.131407,7914400
11/30/2021,1041.044067,1087.590203,1039.227633,1087.590203,9917200
12/1/2021,1043.087524,1057.619001,1014.024572,1043.087524,6764000
12/2/2021,1027.420776,1040.362872,1016.068061,1027.193722,5305200
12/3/2021,1045.130981,1046.947416,1022.198496,1040.81695,4762800
12/6/2021,1018.111633,1039.454741,1009.256514,1036.048926,7280400
12/7/2021,1058.073242,1066.928362,1028.783232,1049.899286,10258800
12/8/2021,1061.706055,1064.657761,1037.86535,1060.797837,7079200
12/9/2021,1046.720337,1061.705921,1042.633359,1058.300106,6488800
12/10/2021,1043.768921,1053.759313,1038.319616,1039.908997,6180400
12/13/2021,1045.812256,1060.343733,1043.087604,1057.619081,4394000
12/14/2021,1031.28064,1047.628549,1027.647771,1038.546377,4770000
12/15/2021,1028.328979,1033.551229,1018.33859,1018.33859,5782000
12/16/2021,1036.04895,1047.855776,1029.464374,1037.184222,6265200
12/17/2021,1024.242065,1047.628661,1020.836251,1027.64788,6142400
12/20/2021,980.647644,1014.478739,980.647644,1008.348272,7242800
12/21/2021,987.005249,999.2661838,981.5559447,992.0004447,6316000
12/22/2021,997.9037476,1002.21778,988.8215747,994.9520414,4577600
12/23/2021,1014.251648,1015.613974,992.2273789,998.5848999,3208000
12/24/2021,1001.309509,1021.290289,1001.309509,1018.565637,2564800
12/27/2021,997.9037476,1005.39654,997.4496389,1001.309562,2259200
12/28/2021,1006.30481,1011.527059,993.1356582,1005.850701,2941600
12/29/2021,1011.981079,1013.797514,1001.990689,1004.261232,3118400
12/30/2021,1005.623657,1011.52707,994.7250491,1004.034277,2841600
1/4/2022,1026.966675,1031.96187,1012.208144,1014.932796,5614400
1/5/2022,1042.633423,1049.672107,1031.053653,1048.309781,6005200
1/6/2022,1036.275879,1056.710767,1029.010141,1046.266269,6594800
1/7/2022,1052.396606,1060.343506,1033.551101,1046.493195,5683600
1/11/2022,1066.02002,1066.928237,1046.03924,1053.986141,6348000
1/12/2022,1101.44043,1109.614385,1078.962054,1081.91376,7545600
1/13/2022,1101.894897,1105.754822,1083.276438,1096.672647,3858400
1/14/2022,1088.952637,1108.47931,1081.686898,1103.484115,5329200
1/17/2022,1110.976807,1121.194251,1093.720678,1093.720678,3215200
1/18/2022,1079.189209,1109.841543,1075.55634,1103.484022,4428800
1/19/2022,1042.179443,1069.19891,1036.730139,1055.348595,5661600
1/20/2022,1056.029541,1063.976441,1022.198451,1026.285428,5630400
1/21/2022,1059.889648,1063.068409,1036.730106,1040.135921,6790000
1/24/2022,1060.797852,1064.203667,1047.401646,1052.85095,3881200
1/25/2022,1046.493408,1060.116668,1040.589996,1045.812245,5085600
1/26/2022,1106.889893,1125.05424,1097.807719,1109.614545,13542000
1/27/2022,1081.005737,1114.60978,1068.744803,1105.981715,9721200
1/28/2022,1094.174683,1102.121583,1076.918556,1089.860651,6066800
1/31/2022,1104.392456,1110.522924,1076.464769,1083.049345,4910000
2/1/2022,1082.140991,1113.928599,1076.918741,1096.899523,4317200
2/2/2022,1118.696777,1122.556701,1094.629016,1098.034832,6485200
2/3/2022,1145.262085,1150.938443,1106.435793,1107.116956,5854800
2/4/2022,1133.682373,1170.011069,1130.049503,1163.199439,7323600
2/7/2022,1090.541992,1123.91898,1083.957416,1110.29572,8855200
2/8/2022,1085.092529,1115.971915,1080.097335,1090.995941,6178800
2/9/2022,1101.894897,1110.977073,1090.769233,1095.991484,6255600
2/10/2022,1120.285889,1142.764264,1114.155423,1122.783486,9205600
2/14/2022,1093.039551,1106.889865,1077.372802,1088.952573,6260400
2/15/2022,1099.397217,1106.208848,1088.725662,1103.257141,5490000
2/16/2022,1094.401855,1106.889843,1078.280998,1105.981626,5952400
2/17/2022,1084.411499,1105.073443,1075.102271,1103.484063,4914000
2/18/2022,1086.908936,1089.179479,1065.111723,1070.333972,4130800
2/21/2022,1104.392456,1107.117108,1069.653137,1075.329497,3188400
2/22/2022,1078.053955,1091.450161,1064.884804,1088.498454,3698000
2/24/2022,1043.768921,1076.010641,1031.507985,1071.242499,8542400
2/25/2022,1050.807373,1059.662491,1037.865277,1055.575514,5665200
2/28/2022,1038.31958,1061.479125,1034.459656,1056.710983,5854800
3/1/2022,1046.720337,1060.570649,1045.81212,1051.261423,3882800
3/2/2022,1016.068115,1036.048896,1011.981137,1032.643081,4543600
3/3/2022,1002.671997,1030.599682,1001.536725,1028.329138,5050400
3/4/2022,953.4012451,992.2275402,951.8118646,991.7734315,6938800
3/7/2022,870.7533569,900.0433656,851.9078475,889.8259207,13837600
3/8/2022,818.303772,862.3523102,806.0428387,852.1348658,17754000
3/9/2022,803.0911865,817.1685554,798.3230455,812.17336,18596800
3/10/2022,874.1591797,879.6084837,835.3328888,840.1010298,15242000
3/11/2022,847.3667603,857.1300965,834.8787721,853.9513358,8752800
3/14/2022,859.6276245,871.2073944,849.4101805,849.4101805,5191600
3/15/2022,880.2896729,890.2800638,849.6373371,856.6760216,6432000
3/16/2022,893.685791,904.3573439,886.6471072,889.8258676,10448000
3/17/2022,932.9663086,936.5991781,907.3091675,925.4735152,7236400
3/18/2022,922.2946777,924.3381667,906.4008748,908.2173094,8439200
3/22/2022,940.6860352,955.6716201,930.6956452,930.9226995,8575200
3/23/2022,962.7103271,973.6089346,954.9904802,959.758621,7198800
3/24/2022,952.7199097,955.4445615,936.3719989,946.8164975,6624400
3/25/2022,953.6280518,970.8841784,947.9516943,966.3430924,4560800
3/28/2022,955.2176514,962.7104449,938.1885751,950.9036187,3737200
3/29/2022,960.6668091,969.5219274,956.1257228,963.8455695,5813600
3/30/2022,974.8988647,992.574215,967.0941646,990.049165,6482800
3/31/2022,967.0942993,983.3923518,965.257899,978.5718011,5888000
4/1/2022,954.4690552,962.2737564,945.0575036,953.321305,4580000
4/4/2022,961.3554077,967.0941578,941.6141076,941.6141076,2973200
4/5/2022,970.5375977,976.7354489,961.8146959,973.9808484,5033600
4/6/2022,943.4506226,951.9439737,938.6300719,949.1893733,6206000
4/7/2022,917.7410278,922.7911285,906.0339762,919.8069781,6514400
4/8/2022,891.5723267,918.6592305,884.2267256,916.1341801,10472000
4/11/2022,891.5723267,897.5406275,882.3903254,891.1132266,5474000
4/12/2022,874.3560791,888.1290811,872.0605788,886.5222309,5750800
4/13/2022,884.4562988,885.8335991,866.3218458,872.0605967,8194400
4/14/2022,890.1950684,890.6541684,872.519715,883.079017,4389200
4/15/2022,892.4905396,897.3110903,882.849438,885.6040385,3206400
4/18/2022,894.7860107,900.2952114,875.5038084,891.3427603,4265200
4/19/2022,915.6751099,919.8070106,906.7226583,917.9706103,5991600
4/20/2022,947.1234131,959.0600145,934.9572616,938.8596121,7228800
4/21/2022,951.0256958,959.0599462,931.9730449,931.9730449,4987600
4/22/2022,934.49823,938.4005807,923.2502778,934.9573301,3778000
4/25/2022,919.3479004,926.2344015,899.8361472,907.6408485,4196000
4/26/2022,920.036438,928.7593383,912.2317377,914.5272378,4637600
4/27/2022,901.2133789,910.3953797,893.1791282,895.2450784,11538400
4/28/2022,897.0814819,898.4587821,838.3166766,844.2849771,17639200
5/2/2022,918.2001343,933.5799865,905.8044325,910.3954331,10064400
5/6/2022,917.9705811,926.9230323,898.9179283,899.8361285,9410800
5/9/2022,905.8043823,924.627484,899.8360818,917.2818834,4322800
5/10/2022,900.9838257,907.1816762,888.5881246,898.9178755,3578400
5/11/2022,881.472168,895.9338207,875.2743168,890.8837198,5215600
5/12/2022,839.9235229,862.6489749,829.134672,859.8943747,10007600
5/13/2022,865.8627319,875.2742834,837.8576277,842.2190783,6703200
5/16/2022,854.6147461,884.9153495,846.3509452,884.9153495,5264000
5/17/2022,851.6306763,854.6148269,840.841824,850.482926,4969600
5/18/2022,862.1899414,865.862742,847.728289,854.8443402,5373600
5/19/2022,839.6940918,840.1531919,824.7733384,830.0529896,5918000
5/20/2022,852.0896606,853.2374107,837.3984596,843.13721,4743200
5/23/2022,866.5513916,870.9128423,851.4010891,868.1582419,6343200
5/24/2022,850.9419556,873.8969584,849.3351054,872.2901082,5205600
5/25/2022,850.4827881,856.9101884,835.3324874,846.3508879,5554000
5/26/2022,842.6781616,863.5672144,842.6781616,860.812614,4830000
5/27/2022,853.46698,859.8943806,847.4986794,858.0579804,5149600
5/30/2022,879.1766357,881.4721361,861.9603831,867.0104839,12495200
5/31/2022,876.421936,885.1448364,870.6831858,882.3902363,7426400
6/1/2022,906.9522095,912.2318604,880.3244048,883.3085553,7256000
6/2/2022,910.1658325,912.6908827,897.7701314,906.0339321,3305200
6/3/2022,905.5749512,910.3955022,895.2451989,909.247752,3422800
6/6/2022,904.8862915,910.1659426,895.2451895,900.0657405,4018800
6/7/2022,911.5431519,931.5140041,909.0181016,917.7410025,6730000
6/8/2022,923.4797974,932.6617988,913.8386958,917.9705965,6456800
6/9/2022,941.1550903,950.3370912,931.2844394,933.3503896,8326400
6/10/2022,931.5139771,940.6959778,927.3820767,939.5482277,6908400
6/13/2022,919.5774536,924.1684544,905.1158012,906.4931014,6862000
6/14/2022,917.2819824,919.5774829,901.9021294,903.5089797,6120400
6/15/2022,926.234314,937.9413648,924.3979138,936.5640647,6950800
6/16/2022,944.1393433,962.9624471,928.7594901,933.3504911,6239600
6/17/2022,928.300293,935.1867937,908.558991,912.0022413,9798000
6/20/2022,938.8595581,954.6985091,929.6775575,953.550759,5666800
6/21/2022,946.8938599,955.8463109,930.825358,943.6801595,5596400
6/22/2022,947.5825195,967.7829221,946.4347694,962.9623715,6351200
6/23/2022,943.2211304,952.4031321,933.8095786,946.8939311,4348400
6/24/2022,968.0124512,972.1443516,932.4321975,942.3028485,10204000
6/27/2022,969.1602173,988.6719696,967.7829171,984.0809691,5733200
6/28/2022,988.6720581,992.1153088,971.2262544,974.4399551,6837600
6/29/2022,978.8012085,985.6877086,972.6033584,982.7035585,10951600
6/30/2022,978.8012085,996.4765586,978.1125585,994.8697086,7612000
7/1/2022,956.0758667,982.7036699,950.107566,978.3422194,8646000
7/4/2022,977.6536255,984.0810266,965.0283732,965.9465734,5485200
7/5/2022,984.7695923,997.6243935,984.0809422,988.6719427,6768400
7/6/2022,957.453186,988.4424404,940.6960337,983.1627897,8932400
7/7/2022,978.1126099,982.2445101,965.9464591,968.7010593,8124000
7/8/2022,973.2920532,992.3447043,972.8329532,983.1627038,7793200
7/11/2022,984.7695923,1004.510894,984.0809422,995.7879933,7552800
7/12/2022,975.3579102,989.5900096,971.9146603,988.2127096,8992400
7/13/2022,966.1761475,981.3264506,959.7487461,972.3739987,10232000
7/14/2022,997.1653442,1006.576896,975.1285411,981.3263919,9927200
7/15/2022,993.7220459,1008.642797,987.0650953,1000.838097,8047600
7/19/2022,1007.494995,1017.365646,1001.756245,1012.774645,5666000
7/20/2022,1012.774658,1019.661159,1004.510858,1015.529258,6402400
7/21/2022,1005.429077,1010.708728,995.0993264,1001.067627,4576000
7/22/2022,1015.529297,1018.972547,1000.149445,1002.215396,5835600
7/25/2022,1004.281555,1015.759059,1002.674705,1005.888406,2562800
7/26/2022,1010.020142,1011.397442,997.6244399,1001.98589,3381200
7/27/2022,1004.740601,1009.331602,996.4767985,1000.149599,3632800
7/28/2022,1005.888184,1018.054335,1000.378983,1017.365685,6526400
7/29/2022,992.3447266,1018.742979,983.8513759,1010.479178,6455600
8/1/2022,1010.020142,1012.774742,994.6402894,998.54264,4822400
8/2/2022,990.9674072,1004.281308,985.6877569,999.6903077,4826800
8/3/2022,998.0834351,1011.167786,986.8354847,992.3446849,5402400
8/4/2022,999.6903076,1013.004208,993.2629072,1011.167808,3465600
8/5/2022,991.8857422,1007.724695,987.9833914,998.0835934,6293200
8/8/2022,1095.412842,1095.871942,1060.062134,1061.209884,20827600
8/9/2022,1101.84021,1106.431211,1077.737455,1079.344306,11728400
8/10/2022,1107.119995,1123.1885,1102.069894,1115.154248,9105200
8/12/2022,1107.578857,1109.185708,1080.032855,1099.774157,11288800
8/15/2022,1114.924561,1117.449611,1098.167407,1104.365259,4178000
8/16/2022,1113.776611,1116.301661,1101.840011,1109.874261,3314400
8/17/2022,1123.876953,1129.845254,1105.742501,1106.431151,6362400
8/18/2022,1111.940308,1114.465358,1102.299207,1114.235808,6593600
8/19/2022,1120.66333,1133.059033,1118.82693,1124.795231,5424400
8/22/2022,1117.908813,1123.647565,1107.808611,1114.006462,4421200
8/23/2022,1101.151489,1111.481241,1095.412739,1106.43114,4084400
8/24/2022,1094.264893,1107.578793,1093.346693,1103.905993,3540000
8/25/2022,1104.13562,1110.563021,1099.77417,1105.74247,2606800
8/26/2022,1108.956299,1129.615803,1107.349448,1128.697603,3096800
8/29/2022,1095.183105,1099.315006,1083.476055,1088.067055,6300000
8/30/2022,1122.040527,1122.729177,1101.610575,1111.251676,5394000
8/31/2022,1119.974487,1121.810887,1108.267437,1108.267437,4574000
9/1/2022,1127.549805,1135.813606,1106.890301,1108.956251,7566000
9/2/2022,1135.584106,1148.438909,1130.993105,1132.599956,7788800
9/5/2022,1125.254272,1137.190874,1115.383621,1133.518074,5284400
9/6/2022,1119.056274,1124.335925,1106.431024,1118.597174,3818000
9/7/2022,1135.584106,1139.027357,1110.792701,1116.531452,5079200
9/8/2022,1152.800171,1156.013871,1137.42032,1144.76592,6043600
9/9/2022,1143.38855,1161.29345,1143.38855,1159.6866,7237600
9/12/2022,1157.620728,1168.409578,1153.718377,1158.538928,4632000
9/13/2022,1143.847656,1159.457056,1132.829256,1159.457056,4770000
9/14/2022,1121.581299,1137.879349,1121.351749,1123.417699,7077600
9/15/2022,1143.38855,1144.0772,1122.0404,1127.5496,5906400
9/16/2022,1138.338501,1145.684101,1127.3201,1140.634001,8020800
9/20/2022,1145.224976,1156.243376,1140.633975,1145.684076,6512800
9/21/2022,1112.629028,1147.520634,1105.283427,1147.520634,7115600
9/22/2022,1114.924561,1117.908711,1098.396957,1099.774258,4810800
9/26/2022,1076.130371,1094.035271,1071.080271,1092.887521,9572400
9/27/2022,1080.492065,1091.969568,1076.130615,1086.919467,5912000
9/28/2022,1063.046021,1078.42587,1042.616071,1067.40747,8360400
9/29/2022,1074.880981,1082.306757,1058.405042,1075.345092,6783200
9/30/2022,1039.840576,1065.598734,1032.646856,1062.117902,11740000
10/3/2022,1066.5271,1073.024654,1031.486718,1033.111107,8319600
10/4/2022,1093.909546,1101.335321,1081.842661,1086.48377,8748800
10/5/2022,1102.959717,1121.756211,1096.462163,1115.490713,7640000
10/6/2022,1116.418823,1122.684321,1104.351939,1104.351939,7272000
10/7/2022,1119.667847,1127.093623,1099.479017,1107.368905,8643600
10/11/2022,1057.244873,1096.694309,1056.780762,1087.180033,11350000
10/12/2022,1057.012695,1063.046138,1049.58692,1057.012695,9197200
10/13/2022,1071.168213,1078.129878,1057.244883,1059.101327,8720400
10/14/2022,1095.765991,1102.727656,1074.648942,1083.00294,7243200
10/17/2022,1079.057983,1083.931148,1069.543709,1074.184818,5438800
10/18/2022,1075.345093,1095.99803,1064.20643,1092.517198,6678000
10/19/2022,1087.876099,1094.837763,1073.256603,1073.256603,7156000
10/20/2022,1085.323486,1088.572263,1077.4336,1080.218266,5991200
10/21/2022,1070.703979,1086.947863,1058.405039,1076.041256,7061200
10/24/2022,1074.41687,1091.588976,1074.41687,1081.61059,7054400
10/25/2022,1104.352051,1107.832883,1089.036389,1098.318608,8654400
10/26/2022,1117.811279,1127.325554,1110.617559,1117.579224,8278800
10/27/2022,1108.761108,1126.16527,1103.655888,1125.004992,9163600
10/28/2022,1119.667847,1128.718012,1092.981463,1097.390518,39917200
10/31/2022,1164.918579,1166.542968,1141.248919,1145.890029,11002800
11/1/2022,1164.454468,1176.289298,1159.813358,1164.918579,5444400
11/2/2022,1167.703247,1169.327636,1155.636361,1159.117194,5743600
11/4/2022,1166.078735,1170.719845,1155.868295,1159.117071,5724400
11/7/2022,1169.79187,1179.538202,1166.311037,1177.449702,3921600
11/8/2022,1187.195679,1195.085564,1165.846577,1171.880019,6102800
11/9/2022,1228.965698,1316.21855,1211.329484,1303.223444,20434000
11/10/2022,1192.765259,1223.860695,1187.427982,1211.329699,9864000
11/11/2022,1202.975586,1221.540024,1185.107314,1221.540024,8330400
11/14/2022,1169.327637,1202.047461,1168.167359,1197.174296,8942400
11/15/2022,1175.360962,1179.770016,1161.901745,1169.559575,5256800
11/16/2022,1155.63623,1171.183947,1143.105235,1163.062005,7630400
11/17/2022,1151.691162,1173.968485,1149.834719,1161.901602,6314000
11/18/2022,1176.985474,1183.018917,1156.100479,1163.294199,7637600
11/21/2022,1171.416138,1186.035634,1164.686528,1179.306025,4711200
11/22/2022,1172.112305,1189.284411,1170.023805,1178.609859,6002800
11/24/2022,1164.222412,1175.593131,1147.282361,1174.896965,7771600
11/25/2022,1163.062012,1166.774899,1156.100348,1163.758178,4616400
11/28/2022,1154.70813,1164.918572,1151.459353,1162.830072,4052000
11/29/2022,1142.641113,1158.188829,1139.624392,1157.956774,3781200
11/30/2022,1140.088623,1141.713011,1125.469127,1136.607791,6801200
12/1/2022,1129.645996,1149.834821,1124.30872,1148.674544,6380000
12/2/2022,1109.689453,1133.591171,1097.158456,1129.878283,6628400
12/5/2022,1089.500488,1107.832871,1083.23499,1105.976428,5349200
12/6/2022,1103.42395,1105.744505,1085.555676,1090.660897,4658000
12/7/2022,1103.887817,1117.347034,1093.213266,1093.213266,6284800
12/8/2022,1095.069702,1099.014645,1084.859262,1095.069702,5022400
12/9/2022,1081.842651,1105.048199,1077.201542,1090.66076,8519200
12/12/2022,1080.218384,1085.323605,1075.577274,1075.577274,4510800
12/13/2022,1090.892944,1102.959831,1088.804445,1088.804445,4320400
12/14/2022,1099.014771,1109.921378,1087.644052,1090.660773,7250800
12/15/2022,1096.230103,1098.318602,1088.572272,1090.660771,4570400
12/16/2022,1096.92627,1108.529044,1086.019662,1093.213382,6988000
12/19/2022,1074.880981,1083.931145,1072.560427,1080.682368,4576400
12/20/2022,1037.287842,1080.914266,1031.022345,1080.914266,6830400
12/21/2022,998.9989014,1022.436506,993.4295695,1021.74034,9680400
12/22/2022,1029.398071,1038.448235,1008.745134,1014.546521,8560000
12/23/2022,1010.369568,1018.259454,1005.032292,1013.154234,4711200
12/26/2022,1010.833801,1028.47002,1008.281191,1020.580133,3362400
12/27/2022,1003.872009,1022.900559,999.9270661,1018.72356,3829200
12/28/2022,1005.496338,1009.209225,998.7667294,1005.960449,4261600
12/29/2022,992.7334595,992.7334595,982.5230172,990.8770154,4243200
12/30/2022,991.1089478,999.6950005,990.4127813,996.2141683,4308800
1/4/2023,958.8532104,979.5061475,956.7647112,972.3124278,9588800
1/5/2023,969.5278931,981.5947792,960.7097839,975.0972251,5956800
1/6/2023,988.0922241,998.0706097,968.8316195,969.9918969,6740400
1/10/2023,992.0372314,1001.087396,983.2191227,997.8386188,6973600
1/11/2023,995.750061,999.2308932,986.2357864,992.0371734,4881200
1/12/2023,993.6616211,1004.336174,989.9487332,1000.39123,4360000
1/13/2023,981.5946045,1000.391097,978.8099389,994.5897104,7136000
1/16/2023,965.5828857,970.456051,950.035168,960.7097205,6574000
1/17/2023,988.0922241,992.5012782,976.2573948,980.8985043,6220400
1/18/2023,1027.773804,1035.19958,985.075592,990.6449239,9266800
1/19/2023,993.8935547,1001.31933,983.2190033,995.2858875,12264400
1/20/2023,1004.568176,1008.513119,993.6615687,995.5180125,9810400
1/23/2023,1022.204346,1029.16601,1012.690071,1018.491458,7879600
1/24/2023,1037.055908,1044.017572,1031.486577,1038.448241,7299600
1/25/2023,1095.301758,1101.567255,1075.577044,1085.787484,16041600
1/26/2023,1108.296997,1109.68933,1089.732558,1090.196669,10838800
1/27/2023,1122.916504,1125.933225,1110.617563,1113.170173,10376000
1/30/2023,1115.026611,1133.358995,1114.098389,1123.612664,7987600
1/31/2023,1122.916504,1135.4475,1119.667727,1120.828005,6276400
2/1/2023,1121.756226,1132.894889,1120.828004,1128.485835,4033600
2/2/2023,1119.435547,1124.308712,1103.887831,1121.059935,7001600
2/3/2023,1112.241943,1125.469106,1110.385499,1121.292107,6041200
2/6/2023,1128.253784,1146.354112,1125.701174,1137.303948,6358400
2/7/2023,1121.524048,1143.569317,1112.241829,1141.712873,7557600
2/8/2023,1117.347046,1147.2822,1099.710831,1146.586034,12487600
2/9/2023,1102.031494,1118.043323,1089.732553,1116.186879,7120800
2/10/2023,1092.053101,1110.385484,1084.859381,1109.457262,7015200
2/13/2023,1092.517212,1093.909545,1076.969495,1080.914438,4130400
2/14/2023,1086.483765,1101.799426,1086.483765,1099.246816,3012400
2/15/2023,1095.765991,1105.744377,1092.981325,1102.727656,3917600
2/16/2023,1118.275391,1120.131835,1102.495618,1105.048228,5337200
2/17/2023,1116.186646,1121.755976,1111.777592,1118.275144,4520800
2/20/2023,1108.528809,1122.916246,1105.744143,1119.667469,4016800
2/21/2023,1108.528809,1113.169917,1097.854259,1097.854259,3536800
2/22/2023,1087.17981,1101.335192,1081.610479,1097.622305,4938000
2/24/2023,1094.837769,1097.85449,1081.146495,1085.091438,4982000
2/27/2023,1102.959717,1108.993159,1098.086552,1102.26355,4422800
2/28/2023,1109.921265,1117.114984,1103.191656,1104.583989,6871600
3/1/2023,1124.540894,1130.574336,1115.258674,1115.258674,5600800
3/2/2023,1120.827881,1125.004879,1115.25855,1119.667604,5784000
3/3/2023,1135.911621,1139.160398,1118.043348,1120.595959,6966400
3/6/2023,1146.12207,1152.619624,1138.232184,1142.409182,5513200
3/7/2023,1153.779907,1153.779907,1141.248911,1146.122076,4984400
3/8/2023,1155.172119,1157.492674,1146.818122,1152.155398,4571600
3/9/2023,1152.619751,1164.454582,1152.387695,1160.045528,4890000
3/10/2023,1134.519287,1144.265618,1131.27051,1136.375731,7285200
3/13/2023,1104.583984,1125.004865,1094.373544,1118.275256,6160400
3/14/2023,1072.096436,1074.416991,1050.283218,1072.096436,7737600
3/15/2023,1068.847656,1087.644152,1063.974491,1086.251819,4574000
3/16/2023,1037.984131,1039.608519,1013.618306,1030.3263,7946000
3/17/2023,1046.338379,1046.338379,1026.845714,1044.249879,6019200
3/20/2023,1033.111084,1044.481803,1029.862307,1037.288083,4337200
3/22/2023,1061.421997,1068.615719,1039.608777,1049.355109,6448400
3/23/2023,1083.931152,1091.821039,1058.172994,1062.814104,8623200
3/24/2023,1086.019653,1089.26843,1075.345101,1079.754155,4402400
3/27/2023,1100.871338,1108.52917,1093.909673,1095.766117,5526000
3/28/2023,1102.727661,1121.2921,1098.550662,1113.866324,5401600
3/29/2023,1131.038452,1133.591063,1099.014795,1102.727683,7940800
3/30/2023,1132.445068,1144.168102,1126.349091,1135.961979,5079600
3/31/2023,1126.349121,1151.670875,1124.942357,1142.292448,7560400
4/3/2023,1138.775635,1142.058085,1125.880296,1140.182399,6225600
4/4/2023,1142.995972,1146.278422,1131.507397,1135.96215,4792800
4/5/2023,1119.31543,1134.320915,1116.03298,1126.583712,3987600
4/6/2023,1093.524658,1111.812592,1088.132062,1110.171367,5961200
4/7/2023,1092.821411,1105.48229,1091.414647,1104.075526,2980400
4/10/2023,1082.73938,1095.869177,1073.829874,1092.821189,5319600
4/11/2023,1091.64917,1099.620835,1084.615348,1096.338385,4495200
4/12/2023,1093.290161,1104.309813,1089.773251,1104.309813,3709200
4/13/2023,1094.462524,1095.400367,1078.988119,1088.132086,3542000
4/14/2023,1090.476563,1097.275922,1087.194113,1095.400237,4801600
4/17/2023,1106.889038,1108.530263,1096.572767,1099.151834,3402000
4/18/2023,1106.654419,1109.467947,1096.80707,1106.88888,3747600
4/19/2023,1098.682739,1107.357784,1095.869211,1103.606414,4121600
4/20/2023,1092.586792,1095.40032,1078.05023,1086.725275,4667600
4/21/2023,1076.87793,1086.725278,1073.126559,1078.519154,6264400
4/24/2023,1085.083984,1090.007658,1080.16031,1086.95967,3230800
4/25/2023,1083.911865,1094.228137,1083.208483,1086.959854,2958400
4/26/2023,1075.002441,1084.849792,1073.830138,1079.457195,5679600
4/27/2023,1088.366577,1093.993634,1075.236778,1076.174621,5934400
4/28/2023,1101.730713,1105.951005,1089.304297,1093.75905,7282400
5/1/2023,1133.148438,1134.789662,1116.032808,1116.50173,7093200
5/2/2023,1121.425415,1133.148449,1116.501741,1131.741685,7410000
5/8/2023,1125.880371,1133.617575,1120.018853,1128.92836,4604000
5/9/2023,1140.182251,1144.402543,1130.334903,1136.665341,4632000
5/10/2023,1135.493164,1143.933749,1126.114736,1139.478996,3616400
5/11/2023,1122.5979,1139.01015,1117.439765,1135.49324,4539200
5/12/2023,1135.962036,1141.589093,1129.162676,1138.306643,6676000
5/15/2023,1155.422241,1155.422241,1138.541072,1148.857342,7976400
5/16/2023,1088.601074,1123.770181,1087.19431,1119.549888,20356400
5/17/2023,1079.691528,1097.510542,1077.815843,1097.276081,10428000
5/18/2023,1092.586792,1103.606444,1089.538803,1090.945567,8812000
5/19/2023,1097.744995,1102.903131,1092.82132,1101.965288,6690800
5/22/2023,1111.343628,1111.343628,1096.807066,1099.386133,5329600
5/23/2023,1097.97937,1121.89436,1097.744909,1118.377449,8614000
5/24/2023,1084.849487,1102.902958,1081.098117,1099.151588,5856000
5/25/2023,1067.968506,1081.332766,1064.920517,1073.595563,8240000
5/26/2023,1063.0448,1081.567195,1061.169114,1080.160431,6758000
5/29/2023,1072.657715,1090.007807,1070.547569,1087.6632,7834400
5/30/2023,1082.504883,1085.552871,1063.513569,1067.4994,5394400
5/31/2023,1078.988159,1079.691541,1067.734045,1071.485417,9209200
6/1/2023,1068.437256,1080.160289,1065.623728,1078.519065,5937600
6/2/2023,1085.552979,1086.0219,1068.437348,1068.437348,7215600
6/5/2023,1131.741699,1131.741699,1099.151665,1101.261811,10359600
6/6/2023,1147.685181,1148.154102,1116.736367,1131.272931,7656400
6/7/2023,1167.848755,1187.074532,1163.159541,1163.159541,15177600
6/8/2023,1156.360229,1174.413704,1143.699351,1173.475861,7656400
6/9/2023,1182.619751,1193.873864,1173.241323,1176.054851,10528000
6/12/2023,1173.241211,1187.777773,1169.48984,1187.074391,4529200
6/13/2023,1177.46167,1188.246862,1173.241377,1180.509659,6893200
6/14/2023,1199.500732,1204.658867,1184.49525,1190.825688,7488800
6/15/2023,1195.749634,1200.204387,1179.102923,1200.204387,10844400
6/16/2023,1183.557617,1198.328641,1169.255514,1196.687416,13250800
6/19/2023,1176.523804,1191.529289,1170.427825,1191.294828,7784400
6/20/2023,1172.772461,1176.758293,1164.331875,1172.30354,6052000
6/21/2023,1173.710205,1181.916329,1155.891193,1156.829036,6723600
6/22/2023,1186.371094,1191.060308,1161.2838,1165.738553,5745600
6/23/2023,1171.131226,1199.26651,1164.331865,1198.328667,8604400
6/26/2023,1158.470459,1169.490113,1150.029873,1165.035359,5108800
6/27/2023,1153.546631,1164.800744,1146.043889,1163.628441,5042800
6/28/2023,1181.916504,1182.385425,1159.877196,1174.882682,7497200
6/29/2023,1222.243652,1235.842373,1193.873907,1195.749593,9384400
6/30/2023,1219.430176,1226.932919,1196.453026,1218.023411,8273600
7/3/2023,1232.090942,1242.407213,1228.105111,1235.842313,4603600
7/4/2023,1223.884888,1240.062676,1220.367977,1238.186991,3856000
7/5/2023,1260.695068,1269.839035,1233.966551,1240.296989,11408800
7/6/2023,1272.418213,1292.581833,1258.350571,1264.915471,12230800
7/7/2023,1280.624268,1295.864212,1260.695109,1270.542458,10828800
7/10/2023,1257.178101,1288.830291,1246.627371,1286.016763,8420000
7/11/2023,1262.805298,1271.011422,1255.068095,1270.776961,5669600
7/12/2023,1263.039795,1275.466212,1257.647199,1273.824987,7773200
7/13/2023,1257.88147,1268.901121,1254.130099,1263.274065,6759200
7/14/2023,1229.746338,1263.274217,1216.147618,1255.771475,8990800
7/18/2023,1243.57959,1248.034343,1219.430137,1221.071362,4958400
7/19/2023,1265.853394,1268.432461,1247.096536,1254.364819,6480400
7/20/2023,1271.24585,1289.064862,1267.9634,1271.949232,5334400
7/21/2023,1271.714722,1285.782362,1263.508598,1267.259969,3927200
7/24/2023,1291.175171,1305.477275,1285.782574,1289.768407,5180400
7/25/2023,1307.821899,1314.855721,1294.92656,1300.084696,7054800
7/26/2023,1296.098633,1302.663532,1284.84452,1293.050644,3892000
7/27/2023,1297.974365,1302.194658,1289.064859,1298.912208,5465200
7/28/2023,1301.725952,1307.35301,1267.963608,1280.155565,8846400
7/31/2023,1335.722534,1347.680029,1329.626556,1331.03332,8560000
8/1/2023,1325.875244,1345.101021,1319.075884,1335.722593,7964800
8/2/2023,1292.816162,1323.29605,1288.59587,1312.97978,7618400
8/3/2023,1265.618774,1285.313472,1265.618774,1283.906708,5858000
8/4/2023,1268.432373,1283.203397,1260.460709,1265.853305,6636400
8/7/2023,1240.062622,1277.810794,1214.740867,1244.986297,12317600
8/8/2023,1256.005981,1262.10196,1248.503239,1249.675542,6824800
8/9/2023,1238.187012,1260.460779,1238.187012,1258.116172,6798000
8/10/2023,1241.234863,1244.048391,1233.497661,1237.249032,6613600
8/14/2023,1232.090942,1260.460686,1227.87065,1256.709315,6002800
8/15/2023,1226.698364,1237.952478,1222.946993,1236.545714,6336000
8/16/2023,1213.802856,1221.305598,1211.45825,1216.850845,4131200
8/17/2023,1224.353882,1229.746478,1205.128103,1212.161924,4904000
8/18/2023,1213.802856,1218.72653,1208.175801,1211.45825,4085200
8/21/2023,1214.506348,1225.760461,1211.692819,1223.415854,3687200
8/22/2023,1243.57959,1245.689736,1232.091015,1232.794397,4593200
8/23/2023,1254.599121,1255.302503,1235.842266,1239.359177,4434800
8/24/2023,1265.384277,1266.32212,1247.330805,1252.48894,4620000
8/25/2023,1253.427002,1261.164206,1248.034405,1250.144552,3893600
8/28/2023,1287.658203,1287.658203,1263.039829,1263.977672,4068400
8/29/2023,1294.45752,1307.118397,1290.002766,1294.45752,4536000
8/30/2023,1308.994019,1314.386614,1300.553434,1301.256816,4894400
8/31/2023,1344.63208,1349.086833,1319.075864,1320.013707,8446800
9/1/2023,1352.838257,1356.120707,1331.736794,1334.784783,5854400
9/4/2023,1388.476196,1389.179578,1358.465228,1359.871992,6367600
9/5/2023,1396.916748,1398.557973,1388.945085,1395.509984,6341200
9/6/2023,1411.453369,1419.425033,1403.012784,1406.060773,6175600
9/7/2023,1392.930908,1411.453302,1392.930908,1409.108695,4499200
9/8/2023,1383.55249,1391.055232,1373.939602,1383.31803,6250800
9/11/2023,1378.628906,1397.151301,1373.470771,1393.39993,4384000
9/12/2023,1407.23291,1407.23291,1383.317922,1386.13145,4702800
9/13/2023,1430.444702,1434.664995,1410.046622,1418.721667,5820800
9/14/2023,1447.560303,1453.187359,1435.368347,1437.009572,6881600
9/15/2023,1477.102539,1484.136361,1463.738278,1465.379503,10353600
9/19/2023,1474.992432,1476.633657,1448.967291,1468.193071,7410800
9/20/2023,1438.650879,1466.786163,1435.368429,1461.628028,8626800
9/21/2023,1426.693481,1463.503814,1426.693481,1444.512496,5627600
9/22/2023,1412.391235,1422.707506,1390.586391,1408.170943,6244800
9/25/2023,1429.506958,1438.885386,1410.984562,1426.693429,4353200
9/26/2023,1429.506958,1442.402297,1423.879901,1439.588769,5012800
9/27/2023,1441.229858,1441.229858,1407.233058,1421.066239,5842800
9/28/2023,1433.422852,1453.531936,1416.625852,1445.961457,6265200
9/29/2023,1423.250122,1433.659531,1403.614191,1433.422954,8296400
10/2/2023,1407.635864,1453.768468,1407.635864,1430.820455,6398000
10/3/2023,1354.642578,1404.560424,1350.384184,1404.560424,8227600
10/4/2023,1291.003174,1336.426045,1289.583709,1332.877383,8702800
10/5/2023,1334.296753,1338.318569,1297.154095,1322.941036,7637600
10/6/2023,1363.159302,1377.590527,1328.618993,1344.233105,8507600
10/10/2023,1396.989868,1413.313713,1388.946235,1395.097249,7396800
10/11/2023,1405.743164,1421.83043,1396.043489,1397.699531,5840000
10/12/2023,1431.293701,1443.59573,1421.357447,1425.615842,8461200
10/13/2023,1408.818848,1427.745045,1403.614143,1423.013496,6175600
10/16/2023,1399.828857,1407.162759,1385.63421,1392.494956,6532800
10/17/2023,1410.001709,1435.315498,1395.333906,1432.949723,5130000
10/18/2023,1396.280151,1413.550306,1384.214701,1410.947954,5113200
10/19/2023,1380.192871,1392.258321,1372.385815,1372.622393,4972400
10/20/2023,1369.310181,1384.687714,1349.437676,1356.534999,5594400
10/23/2023,1365.052002,1385.397664,1365.052002,1380.19296,5304400
10/24/2023,1364.578735,1380.666002,1339.501526,1377.590495,5827600
10/25/2023,1381.848877,1401.95796,1380.429412,1398.172721,4687600
10/26/2023,1367.181152,1383.978152,1360.793561,1381.139223,4317600
10/27/2023,1381.139282,1382.32217,1362.449662,1369.546986,5022800
10/30/2023,1372.14917,1401.484773,1357.008214,1362.686072,9263200
10/31/2023,1368.364014,1392.021759,1352.040169,1389.892562,7310800
11/1/2023,1407.872437,1430.347295,1403.140887,1410.001634,10844000
11/2/2023,1405.033569,1451.402753,1404.796992,1431.293668,8639600
11/6/2023,1444.30542,1454.005096,1433.186279,1449.510124,9343200
11/7/2023,1424.432861,1450.219804,1418.281847,1448.563762,6331200
11/8/2023,1469.382568,1505.578919,1469.382568,1490.437962,23071200
11/9/2023,1520.246704,1527.10745,1475.296988,1486.889283,13007200
11/10/2023,1522.139282,1527.107409,1501.320467,1515.751691,6372000
11/13/2023,1532.785278,1555.969868,1531.602391,1555.969868,5045600
11/14/2023,1517.644409,1549.345789,1516.934677,1542.011888,5350400
11/15/2023,1507.70813,1523.322242,1492.094018,1520.483313,8481600
11/16/2023,1500.84729,1508.417768,1487.362376,1505.105684,6366400
11/17/2023,1508.181274,1508.891007,1492.094007,1494.459782,4776800
11/20/2023,1448.800293,1501.557064,1443.122434,1492.803698,8484000
11/21/2023,1413.077148,1433.186232,1396.753304,1433.186232,9540000
11/22/2023,1403.850586,1421.830472,1393.441178,1405.506628,9745200
11/24/2023,1428.45459,1437.444533,1418.28176,1427.50828,6252400
11/27/2023,1430.583862,1436.025144,1418.991567,1434.605679,5557600
11/28/2023,1449.273438,1451.875789,1423.959651,1429.874087,7166800
11/29/2023,1425.852295,1441.939562,1406.452944,1437.681167,7074400
11/30/2023,1424.432861,1433.659382,1414.733186,1425.615749,6815200
12/1/2023,1433.186157,1440.993213,1427.035144,1433.422735,3999200
12/4/2023,1387.290161,1424.196243,1379.246528,1421.830469,8029200
12/5/2023,1376.644287,1389.41947,1372.385893,1379.246639,6717200
12/6/2023,1409.055176,1410.711218,1378.30011,1383.268236,5328000
12/7/2023,1393.677856,1410.001702,1388.70973,1402.904378,4176400
12/8/2023,1358.901001,1364.815438,1343.523465,1356.062071,9266400
12/11/2023,1358.427612,1367.89071,1350.38398,1354.169219,5965600
12/12/2023,1334.060303,1376.407668,1333.823725,1372.149274,7038400
12/13/2023,1344.233032,1347.545116,1311.821923,1324.833682,7743600
12/14/2023,1291.949463,1324.833729,1286.035027,1320.575335,9232400
12/15/2023,1316.553467,1321.758171,1301.885665,1305.907482,7350800
12/18/2023,1319.155884,1319.155884,1294.788406,1310.165941,4535600
12/19/2023,1324.59729,1339.028516,1303.305317,1316.317078,4738800
12/20/2023,1365.761719,1372.622465,1337.372423,1346.835521,9854800
12/21/2023,1394.860596,1414.259946,1379.246485,1389.419315,22641200
12/22/2023,1443.122437,1445.961366,1404.323735,1419.464692,16751600
12/25/2023,1415.442993,1495.1696,1414.969838,1474.350783,15970000
12/26/2023,1401.721558,1421.830643,1386.580599,1419.464868,8044800
12/27/2023,1402.667847,1413.550411,1390.365818,1401.721537,6217200
12/28/2023,1426.088989,1432.476581,1403.61413,1409.291989,6083600
12/29/2023,1427.271729,1439.573756,1414.969701,1418.75494,6511600
1/4/2024,1407.16272,1429.164423,1396.989889,1427.271804,11306000
1/5/2024,1432.47644,1451.402636,1402.431105,1402.431105,11242000
1/9/2024,1433.422852,1472.458133,1423.723176,1456.84402,9543600
1/10/2024,1450.929565,1454.714805,1427.035242,1429.874171,8856800
1/11/2024,1506.998413,1517.880976,1487.125907,1488.072216,13296400
1/12/2024,1526.634399,1547.926372,1507.235047,1536.570653,12920400
1/15/2024,1530.182983,1537.04373,1526.870899,1532.548758,1170000
1/16/2024,1533.021851,1543.667836,1514.805387,1532.548696,8390000
1/17/2024,1529.946411,1547.926298,1521.429623,1547.216565,12485200
1/18/2024,1541.775391,1586.015378,1537.990151,1541.302236,12706800
1/19/2024,1544.85083,1558.8089,1517.644422,1557.152858,9882800
1/22/2024,1551.001831,1564.250169,1539.646113,1561.411239,5654400
1/23/2024,1546.743286,1569.927875,1545.087244,1548.162751,8636800
1/24/2024,1546.270264,1562.594108,1533.495081,1559.518601,8643200
1/25/2024,1514.805542,1542.485106,1514.805542,1537.753557,7261200
1/26/2024,1489.964722,1508.890917,1485.942905,1508.890917,7571600
1/29/2024,1536.807129,1544.377607,1519.06382,1519.06382,8047600
1/30/2024,1556.442993,1560.937965,1530.419475,1536.570488,8083200
1/31/2024,1582.230225,1583.886267,1541.538897,1554.314081,12750800
2/1/2024,1619.372681,1626.706582,1571.820612,1580.337401,13521200
2/2/2024,1640.901367,1668.817509,1632.621156,1635.460085,14255200
2/5/2024,1669.290527,1678.280471,1646.815669,1662.902936,7698800
2/6/2024,1671.65625,1672.839137,1635.933055,1647.52535,9718400
2/7/2024,1711.637939,1738.134615,1682.065757,1684.431531,15371200
2/8/2024,1612.511963,1619.136132,1559.282035,1579.864274,35843200
2/9/2024,1568.745117,1617.006918,1553.840737,1608.726707,25117200
2/13/2024,1577.261963,1577.261963,1528.290428,1568.745174,15524400
2/14/2024,1560.464966,1573.240149,1550.055557,1573.240149,9435600
2/15/2024,1562.593994,1564.959769,1533.021814,1549.582235,7588400
2/16/2024,1588.617554,1591.693061,1552.184627,1557.389331,10450400
2/19/2024,1587.907837,1590.983344,1569.454796,1577.735007,5552800
2/20/2024,1556.442993,1593.822229,1547.689628,1587.434638,9627200
2/21/2024,1539.409424,1544.614128,1521.666116,1537.753382,14808000
2/22/2024,1570.874146,1573.713075,1542.011699,1546.270093,12450800
2/26/2024,1606.834106,1611.802233,1569.691445,1578.917966,12880000
2/27/2024,1568.035278,1598.553768,1555.023519,1586.961474,13932400
2/28/2024,1554.550537,1570.637805,1548.399523,1568.508608,8249200
2/29/2024,1555.969971,1566.379379,1545.323985,1554.550506,16731600
3/1/2024,1565.669556,1574.186344,1555.02357,1563.540359,7984800
3/4/2024,1566.852417,1583.649416,1557.625897,1580.573909,10107200
3/5/2024,1559.991699,1560.228277,1535.151067,1547.216517,8143200
3/6/2024,1559.04541,1566.615889,1545.797073,1558.572255,9480800
3/7/2024,1513.622681,1563.777105,1507.708244,1555.023739,11968800
3/8/2024,1481.921143,1502.030226,1472.458045,1498.008409,13990800
3/11/2024,1449.746582,1462.521764,1432.713006,1445.961343,14622400
3/12/2024,1458.5,1459.44631,1418.281833,1431.53017,13341600
3/13/2024,1452.585449,1476.006615,1444.305239,1471.275067,6946800
3/14/2024,1462.285278,1462.285278,1441.466462,1451.402715,5684000
3/15/2024,1457.317017,1462.994875,1446.197877,1452.822045,8449600
3/18/2024,1494.696289,1502.266767,1467.72646,1478.135868,6826000
3/19/2024,1504.159546,1509.36425,1481.211531,1481.684686,7242400
3/21/2024,1557.152832,1558.808874,1523.085678,1540.59241,11198400
3/22/2024,1613.694946,1631.911412,1578.918058,1590.273776,15870800
3/25/2024,1603.048706,1628.599069,1601.629241,1615.823888,7610400
3/26/2024,1598.080811,1603.285515,1581.756965,1595.715036,5156000
3/27/2024,1672.602661,1677.33421,1626.470056,1626.470056,12805600
3/28/2024,1644.180542,1674.752173,1626.506318,1668.542311,7757200
3/29/2024,1655.644897,1668.542304,1647.046626,1652.301125,2627000
4/1/2024,1671.408325,1710.100544,1638.448287,1690.993276,7238000
4/2/2024,1674.752197,1695.770194,1627.939386,1651.823474,8855800
4/3/2024,1657.555542,1670.93063,1628.894639,1670.93063,9995300
4/4/2024,1688.127319,1708.189953,1660.899459,1676.662957,6408300
4/5/2024,1680.006714,1683.350486,1650.390445,1669.020034,6468500
4/8/2024,1738.283936,1758.824251,1712.48912,1719.654347,7604500
4/9/2024,1755.480469,1757.391196,1730.163335,1738.761607,7571300
4/10/2024,1744.971436,1749.748253,1726.341847,1738.761573,5533400
4/11/2024,1741.627563,1752.614243,1718.221159,1733.984656,3706600
4/12/2024,1756.435913,1762.645776,1727.775006,1760.735049,5982100
4/15/2024,1754.047363,1756.913454,1707.712234,1738.761547,6488200
4/16/2024,1706.756958,1744.971499,1694.337232,1738.761636,7858000
4/17/2024,1683.350464,1717.743549,1678.573646,1710.100641,6956100
4/18/2024,1679.528931,1690.51561,1659.94398,1687.171838,5297400
4/19/2024,1635.104614,1684.305834,1613.608936,1674.752199,9592500
4/22/2024,1683.350464,1684.305827,1654.689559,1670.453057,5969700
4/23/2024,1686.216553,1713.922094,1674.274509,1692.904097,5061600
4/24/2024,1733.984619,1734.939983,1670.452951,1671.885996,7480200
4/25/2024,1710.578247,1723.953335,1690.515615,1709.145202,5799400
4/26/2024,1733.506958,1746.404364,1708.667509,1711.055917,6060300
4/30/2024,1758.824219,1782.708306,1737.806222,1748.31522,10090100
5/1/2024,1736.373169,1753.569712,1717.743581,1747.359849,3996900
5/2/2024,1725.386353,1735.417669,1712.966628,1716.3104,3040000
5/7/2024,1725.864014,1738.283738,1713.444289,1735.89533,5935400
5/8/2024,1688.60498,1716.788204,1682.395118,1714.877477,6507500
5/9/2024,1688.60498,1708.189932,1670.930756,1690.993389,3646500
5/10/2024,1707.234619,1728.252617,1690.515757,1724.431163,4795200
5/13/2024,1659.944092,1707.234585,1641.792185,1694.337178,6417000
5/14/2024,1765.511719,1794.650305,1735.417769,1738.761541,16283700
5/15/2024,1767.422485,1829.998795,1752.614351,1791.306573,9176800
5/16/2024,1705.323853,1770.766252,1694.337172,1766.944798,7489900
5/17/2024,1706.279175,1730.640944,1682.87277,1686.694223,5463400
5/20/2024,1756.435913,1763.60114,1713.922234,1716.310643,7738700
5/21/2024,1763.123291,1799.427103,1759.301837,1765.5117,5493500
5/22/2024,1752.136597,1765.034003,1733.507009,1757.868777,4250400
5/23/2024,1767.422485,1782.708301,1757.391169,1767.422485,4713600
5/24/2024,1779.842285,1780.319967,1744.493834,1747.359925,4820300
5/27/2024,1803.726318,1823.31127,1782.230639,1791.306593,3865100
5/28/2024,1794.650391,1818.056797,1782.708347,1815.190707,3553800
5/29/2024,1776.02063,1790.351081,1763.123223,1784.618901,4364200
5/30/2024,1767.422485,1784.619028,1732.074036,1737.806217,5547400
5/31/2024,1780.319824,1797.994048,1764.556327,1789.395777,6951700
6/3/2024,1807.070068,1869.646378,1800.860206,1823.78893,8610100
6/4/2024,1773.632324,1826.177316,1766.467098,1770.766234,9260600
6/5/2024,1776.02063,1779.364402,1727.297095,1774.109903,8995900
6/6/2024,1757.868774,1804.203902,1757.391093,1792.261859,4953100
6/7/2024,1775.543091,1775.543091,1741.150004,1745.44914,4025000
6/10/2024,1797.038696,1801.337832,1769.333156,1773.632291,3833100
6/11/2024,1823.311157,1823.311157,1795.127935,1803.726206,3063200
6/12/2024,1819.489868,1824.744368,1784.619099,1796.083461,3866700
6/13/2024,1788.440308,1818.056573,1776.975947,1817.10121,4799100
6/14/2024,1772.199341,1788.440521,1736.85089,1771.721659,8520000
6/17/2024,1707.712158,1736.850743,1682.395027,1733.984653,8196100
6/18/2024,1728.252563,1729.207927,1701.502386,1729.207927,5144600
6/19/2024,1770.288574,1771.721619,1734.462443,1742.583033,4115300
6/20/2024,1748.792847,1787.485068,1742.582984,1770.288525,4697100
6/21/2024,1735.417725,1755.958039,1719.654228,1743.060632,7274600
6/24/2024,1723.475708,1768.377791,1708.189892,1768.377791,5027500
6/25/2024,1741.627563,1749.270471,1720.131886,1733.984656,4214200
6/26/2024,1734.462402,1755.958081,1721.087314,1754.525035,5294800
6/27/2024,1722.998169,1752.614439,1713.922215,1748.315303,3792500
6/28/2024,1768.377686,1769.333049,1737.328374,1744.015918,7561500
7/1/2024,1751.658936,1825.699605,1749.270527,1793.217247,9812600
7/2/2024,1738.761597,1750.225959,1715.832872,1736.373188,7115000
7/3/2024,1698.636353,1728.730304,1690.038081,1725.386531,10080500
7/4/2024,1732.073975,1739.716882,1705.801479,1718.698886,5126200
7/5/2024,1716.78833,1757.868963,1712.011512,1757.868963,6198100
7/8/2024,1700.547119,1722.520481,1699.591756,1719.65439,5042900
7/9/2024,1758.824219,1774.110035,1669.975412,1683.828183,13400400
7/10/2024,1833.820313,1838.59713,1780.319954,1794.172726,11278500
7/11/2024,1866.780151,1884.932057,1845.284474,1853.405063,6592000
7/12/2024,1796.560913,1849.583583,1790.351051,1849.105901,7684400
7/16/2024,1808.503052,1820.922777,1790.351146,1801.815507,3894100
7/17/2024,1815.668335,1831.431833,1805.159336,1818.534425,4139300
7/18/2024,1751.181274,1777.931452,1751.181274,1760.257228,5944700
7/19/2024,1751.658936,1760.257207,1737.328483,1754.047344,3620600
7/22/2024,1748.792847,1769.333161,1739.239212,1744.971393,2893100
7/23/2024,1752.136597,1776.498365,1748.315143,1769.810821,3435200
7/24/2024,1699.114014,1738.7616,1695.770241,1733.984782,4549400
7/25/2024,1625.073242,1672.363733,1625.073242,1643.225148,6686500
7/26/2024,1611.220459,1630.327728,1594.97928,1605.010597,5906400
7/29/2024,1674.274536,1688.127307,1634.149269,1643.702904,6467500
7/30/2024,1679.528931,1687.171838,1654.689481,1662.332389,4804600
7/31/2024,1680.962036,1687.64958,1628.417045,1641.314452,5660300
8/1/2024,1676.185303,1687.171983,1638.448444,1647.046715,9611700
8/2/2024,1543.867432,1575.394427,1525.237843,1561.541657,10052200
8/5/2024,1286.396851,1460.272994,1241.972451,1414.415549,11304100
8/6/2024,1505.175171,1528.581576,1414.41564,1483.679492,12888300
8/7/2024,1519.027954,1550.554949,1394.8307,1441.165829,13443400
8/8/2024,1548.644165,1571.095206,1484.634813,1495.143811,8820700
8/9/2024,1553.421021,1585.425697,1530.492297,1579.693516,9087000
8/13/2024,1595.457031,1602.622257,1555.809446,1585.903396,6014900
8/14/2024,1586.858643,1605.010548,1562.496875,1593.546187,6959900
8/15/2024,1628.894775,1632.716229,1588.291826,1601.189234,3410600
8/16/2024,1663.765503,1703.890769,1641.792143,1692.904089,5001000
8/19/2024,1611.220459,1652.301087,1599.756098,1643.225135,5983000
8/20/2024,1635.104614,1646.091294,1614.564299,1637.015341,3859200
8/21/2024,1620.77417,1629.372441,1601.6669,1611.698217,3530300
8/22/2024,1598.32312,1603.577619,1576.827442,1582.559623,3633700
8/23/2024,1607.876709,1622.207161,1593.546257,1613.131208,2978000
8/26/2024,1552.943359,1565.840767,1538.135225,1552.465678,4905000
8/27/2024,1599.278564,1606.921473,1560.108659,1566.796204,3837600
8/28/2024,1604.532959,1612.175867,1594.023961,1599.756142,2679100
8/29/2024,1613.131226,1631.283132,1602.622227,1629.372405,2855100
8/30/2024,1617.908081,1625.073307,1592.590948,1596.890084,5300500
9/2/2024,1606.921387,1648.002017,1595.457025,1633.671564,3358100
9/3/2024,1596.412354,1613.608896,1594.023945,1600.233807,3002600
9/4/2024,1529.059326,1551.510369,1519.505691,1533.358462,6163900
9/5/2024,1523.327026,1560.108519,1500.398303,1522.849345,4777100
9/6/2024,1502.309082,1519.027943,1492.755447,1509.474308,3499300
9/9/2024,1476.036499,1477.947226,1423.49151,1428.268328,4399500
9/10/2024,1461.228394,1479.857981,1457.884621,1474.1258,3640800
9/11/2024,1420.625488,1443.07653,1401.040537,1434.95594,6380700
9/12/2024,1466.960571,1470.782025,1448.330984,1456.929255,5888300
9/13/2024,1459.317749,1470.304429,1445.464978,1467.916021,6456400
9/17/2024,1439.732788,1475.558919,1418.714791,1463.616875,5509000
9/18/2024,1470.782104,1473.170513,1438.777427,1448.331062,4196500
9/19/2024,1507.563477,1541.95656,1502.786659,1539.568151,5664700
9/20/2024,1520.460938,1551.51025,1508.041213,1541.001252,6950600
9/24/2024,1543.389771,1563.930086,1536.224544,1558.197905,5203300
9/25/2024,1544.822754,1556.764797,1530.01462,1533.358392,5221200
9/26/2024,1567.751465,1567.751465,1536.22447,1557.242467,6565000
9/27/2024,1643.672852,1644.156427,1577.423019,1595.798885,5921400
9/30/2024,1540.187622,1559.530638,1506.82092,1514.074551,8163400
10/1/2024,1564.366455,1573.070812,1547.441316,1561.948578,3964200
10/2/2024,1530.999756,1561.465007,1530.999756,1537.769812,5543600
10/3/2024,1549.37561,1578.390135,1549.37561,1569.685778,5355800
10/4/2024,1518.9104,1548.408501,1518.9104,1543.572747,5081000
10/7/2024,1545.990601,1562.91574,1538.736969,1557.596411,5927000
10/8/2024,1526.16394,1540.187627,1507.3045,1528.098242,7074400
10/9/2024,1536.802734,1544.056366,1519.394019,1536.802734,5581600
10/10/2024,1564.850098,1587.094568,1558.080042,1582.742389,5689200
10/11/2024,1540.187622,1573.554324,1536.319019,1567.267844,6987400
10/15/2024,1519.393921,1549.375596,1519.393921,1547.441294,7063200
10/16/2024,1486.994507,1502.952497,1466.200763,1480.708026,7717000
10/17/2024,1468.134888,1517.459578,1461.364832,1496.18226,7273300
10/18/2024,1446.857666,1467.167834,1441.538336,1453.627722,8062800
10/21/2024,1456.045654,1466.684314,1441.538391,1445.89057,6223100
10/22/2024,1441.53833,1453.14414,1421.228162,1451.693414,7094200
10/23/2024,1466.200684,1479.25722,1454.594873,1459.430628,5037100
10/24/2024,1442.505493,1463.299236,1430.416108,1450.2427,4223800
10/25/2024,1433.801147,1450.726287,1427.514667,1439.120477,3499500
10/28/2024,1479.740723,1484.092901,1420.744524,1421.711675,6408300
10/29/2024,1464.266479,1478.290168,1452.660669,1473.454413,5018100
10/30/2024,1490.379395,1512.140288,1433.317497,1465.233474,26686600
10/31/2024,1491.830322,1513.591218,1477.323058,1492.313898,8160300
11/1/2024,1427.514771,1459.430751,1424.129742,1445.890638,7874000
11/5/2024,1454.111328,1466.684289,1432.834009,1441.054791,7060200
11/6/2024,1454.594971,1476.839442,1441.538433,1442.98916,8201000
11/7/2024,1462.332153,1493.280982,1456.045673,1457.496399,7315600
11/8/2024,1521.81189,1593.864629,1395.598701,1421.711775,22132500
11/11/2024,1588.545166,1663.015777,1588.545166,1653.827844,20911000
11/12/2024,1626.26416,1691.063267,1626.26416,1653.827959,13927700
11/13/2024,1574.521606,1625.780602,1568.235126,1625.780602,8046900
11/14/2024,1526.647705,1596.766146,1526.647705,1595.798995,9265600
11/15/2024,1544.540039,1564.850209,1541.155011,1543.572888,5374300
11/18/2024,1586.127441,1587.578168,1548.408557,1570.653027,6799900
11/19/2024,1601.601807,1666.400914,1597.249628,1663.499461,9113500
11/20/2024,1602.085327,1620.944768,1593.38097,1606.437506,6740400
11/21/2024,1620.944824,1637.386389,1612.724042,1627.71488,7014300
11/22/2024,1584.193115,1634.001385,1584.193115,1621.911999,4916500
11/25/2024,1575.005127,1623.846244,1575.005127,1612.724009,9319700
11/26/2024,1577.422974,1585.643756,1550.826326,1550.826326,6932700
11/27/2024,1528.098389,1591.446771,1528.098389,1584.19314,7746900
11/28/2024,1537.769775,1543.57268,1521.328212,1524.71324,5507500
11/29/2024,1534.384766,1542.605548,1509.238844,1539.704095,4532800
12/2/2024,1572.58728,1583.22594,1536.802699,1542.605604,5904200
12/3/2024,1580.808105,1596.766095,1564.366541,1567.267993,5454300
12/4/2024,1580.808105,1598.216821,1575.488776,1596.282519,3838900
12/5/2024,1580.808105,1597.24967,1574.521625,1595.315369,4621700
12/6/2024,1585.643677,1601.601664,1580.324348,1595.315184,4019300
12/9/2024,1597.249512,1606.92102,1586.127278,1604.503143,4524600
12/10/2024,1640.771484,1665.433832,1619.494165,1635.93573,8369600
12/11/2024,1688.161743,1694.931799,1663.015822,1668.335152,8939700
12/12/2024,1745.707275,1750.54303,1711.37342,1715.725599,11673100
12/13/2024,1735.552124,1742.32218,1716.692683,1720.561287,7667800
12/16/2024,1716.692749,1755.378783,1708.471967,1741.838671,4950000
12/17/2024,1716.209229,1744.740179,1715.242078,1736.035821,5346700
12/18/2024,1724.430054,1750.543128,1712.340667,1713.791394,6108900
12/19/2024,1710.889771,1717.659826,1691.063179,1692.513905,3680300
12/20/2024,1680.424561,1730.232828,1679.940985,1718.627018,7658700
12/23/2024,1706.053955,1712.340435,1686.71094,1701.701777,6396300
12/24/2024,1697.833252,1725.880626,1691.546772,1705.570458,5178900
12/25/2024,1681.875244,1691.546752,1657.696474,1691.546752,6243000
12/26/2024,1700.251221,1700.251221,1674.621723,1677.0396,6988000
12/27/2024,1735.068604,1740.871509,1709.922682,1721.528492,4412100
12/30/2024,1731.200073,1771.336835,1728.298621,1740.871582,4707500
1/6/2025,1820.661499,1869.019042,1810.98999,1838.55379,12325900
1/7/2025,1824.046509,1854.511761,1817.276453,1839.037347,5901100
1/8/2025,1802.769165,1817.276428,1802.769165,1809.539221,4368500
1/9/2025,1748.608765,1791.646978,1742.805859,1787.294799,5188300
1/10/2025,1710.889771,1739.904295,1709.92262,1721.044854,6256200
1/14/2025,1702.668945,1722.979112,1685.260231,1705.086822,5591900
1/15/2025,1707.504761,1723.946325,1696.382526,1717.659844,6234200
1/16/2025,1682.842407,1723.462741,1661.565089,1721.52844,7559300
1/17/2025,1686.227539,1690.579718,1649.959381,1668.335248,4472000
1/20/2025,1722.011963,1739.904252,1695.898892,1697.833193,4229400
1/21/2025,1750.542969,1757.7966,1704.603305,1749.092243,4371800
1/22/2025,1789.712524,1796.48258,1746.190739,1770.369509,6151800
1/23/2025,1805.187134,1811.95719,1774.721881,1777.139758,6271300
1/24/2025,1805.670654,1832.750878,1787.294788,1829.849426,5240600
1/27/2025,1808.088501,1826.947942,1801.318445,1821.145037,4287600
1/28/2025,1795.03186,1825.013535,1785.843928,1797.449737,4574500
1/29/2025,1818.24353,1830.332915,1795.515486,1802.285542,4058800
1/30/2025,1810.506348,1822.595733,1792.130482,1813.4078,6840900
1/31/2025,1807.604858,1813.407763,1787.294691,1808.572009,4709100
2/3/2025,1806.637695,1870.469648,1776.172445,1779.073897,13247500
2/4/2025,1843.873169,1862.732611,1826.464453,1839.52099,8889100
2/5/2025,1874.338257,1887.394793,1844.356582,1870.469654,7132700
2/6/2025,1877.723511,1948.325528,1795.515683,1884.009992,15691500
2/7/2025,1856.929688,1895.615723,1827.431586,1880.624884,7611400
2/10/2025,1878.206909,1881.108362,1833.717971,1833.717971,4250800
2/12/2025,1887.878418,1893.681323,1855.478865,1872.404005,6481000
2/13/2025,1891.263428,1917.860075,1878.206892,1914.958623,5426300
2/14/2025,1869.986084,1887.878374,1852.093794,1867.568207,6941900
2/17/2025,1866.601196,1889.329242,1845.323877,1877.239856,3453300
2/18/2025,1863.216187,1888.845685,1859.831158,1884.009931,3359800
2/19/2025,1853.061035,1885.460589,1831.783716,1854.028186,5186100
2/20/2025,1880.141235,1947.358219,1821.145034,1839.037325,14340100
2/21/2025,1818.24353,1870.95325,1788.261855,1866.601071,9261100
2/25/2025,1778.106812,1798.900554,1772.787482,1793.097649,7608600
2/26/2025,1770.369507,1770.369507,1728.782023,1764.566602,5502000
2/27/2025,1813.891357,1813.891357,1766.984543,1774.238174,5363600
2/28/2025,1761.181641,1798.900523,1738.937172,1789.229014,7801300
3/3/2025,1795.999023,1798.900476,1768.918801,1788.745392,5897900
3/4/2025,1766.984497,1791.163267,1737.969973,1788.261814,5039800
3/5/2025,1761.181641,1782.458959,1746.674378,1764.566668,6308500
3/6/2025,1776.656006,1784.393212,1756.829415,1766.017347,4989700
3/7/2025,1742.805908,1746.674512,1694.931939,1699.284118,7507100
3/10/2025,1733.134399,1759.247474,1724.913617,1747.641663,5434400
3/11/2025,1694.448242,1697.83327,1644.156399,1675.588801,9032000
3/12/2025,1731.683594,1740.387951,1679.941023,1687.67823,6422700
3/13/2025,1702.185547,1748.608789,1697.833368,1747.158063,6966000
3/14/2025,1714.27478,1722.495562,1691.063161,1693.481038,5676500
3/17/2025,1760.2146,1770.853259,1742.805884,1750.543091,5320000
3/18/2025,1801.318359,1808.088415,1781.975343,1788.261824,4845800
3/19/2025,1819.694336,1843.873107,1807.121375,1808.572101,4933800
3/21/2025,1820.661499,1849.676025,1795.515577,1805.670661,7198100
3/24/2025,1775.688965,1834.685167,1769.402484,1834.685167,6694300
3/25/2025,1831.783691,1834.685144,1792.130507,1804.703468,6726900
3/26/2025,1853.061035,1860.798242,1826.464387,1837.586622,5547500
3/27/2025,1860.798218,1863.216095,1815.342128,1819.694307,7334200
3/28/2025,1834.396973,1860.798208,1828.530031,1849.553238,6166500
3/31/2025,1769.860596,1784.039037,1722.925066,1728.303096,9359700
4/1/2025,1785.505737,1815.818266,1760.082326,1785.505737,7449900
4/2/2025,1776.216431,1797.239636,1755.193225,1783.061195,6388500
4/3/2025,1748.837402,1763.993667,1703.857519,1705.324255,9486400
4/4/2025,1665.722412,1719.502707,1622.209264,1705.324266,8951000
4/7/2025,1535.671875,1611.4532,1468.690962,1477.491374,14391000
4/8/2025,1528.338135,1583.096251,1508.292753,1536.160723,18971700
4/9/2025,1460.379517,1530.293903,1430.555897,1498.514636,13651000
4/10/2025,1569.406738,1609.008591,1559.628503,1603.141649,16980500
4/11/2025,1535.182983,1549.361425,1490.692012,1510.737394,16061200
4/14/2025,1535.671875,1572.82917,1518.071051,1557.672905,31105800
4/15/2025,1608.519775,1636.387747,1584.074186,1584.074186,34585100
4/16/2025,1631.009644,1651.543938,1604.119497,1626.609438,16847400
4/17/2025,1635.409912,1647.143795,1620.742559,1636.876647,10413600
4/18/2025,1635.409912,1638.343383,1611.453235,1623.676029,10156700
4/21/2025,1571.362427,1610.96428,1557.672897,1593.852368,54755500
4/22/2025,1583.585205,1583.585205,1548.383558,1560.11744,12524100
4/23/2025,1626.609497,1627.098409,1603.630643,1613.408879,14398800
4/24/2025,1642.74353,1669.144766,1637.854413,1647.632648,10043100
4/25/2025,1660.833252,1660.833252,1630.031811,1643.72134,9028200
4/28/2025,1635.409912,1671.589384,1633.943177,1667.189178,9908300
4/30/2025,1669.633667,1669.633667,1641.765697,1642.74352,9341500
5/1/2025,1715.591309,1724.39172,1674.522722,1692.123545,8172500
5/2/2025,1741.503784,1756.66005,1728.303166,1737.59249,6870900
5/7/2025,1741.992676,1760.082412,1734.658999,1760.082412,8571700
5/8/2025,1739.059082,1762.037934,1720.480436,1739.059082,6409400
5/9/2025,1754.215454,1769.860631,1746.881777,1769.860631,7223500
5/12/2025,1760.082275,1767.904863,1695.057014,1762.037922,10843700
5/13/2025,1826.574341,1886.221576,1826.574341,1857.375782,13341600
5/14/2025,1771.327393,1823.152042,1767.90501,1817.774012,7513000
5/15/2025,1718.524902,1760.082404,1705.813196,1747.370697,6998700
5/16/2025,1730.258789,1734.170083,1692.12367,1718.524906,4744100
5/19/2025,1769.371704,1782.08341,1732.214409,1732.214409,5480900
5/20/2025,1775.727539,1800.662039,1761.549098,1783.550127,5274500
5/21/2025,1758.126709,1798.706386,1757.637797,1798.706386,3819900
5/22/2025,1745.903931,1751.770872,1731.725489,1750.304137,6104400
5/23/2025,1738.57019,1746.392778,1730.258691,1745.414955,3800400
5/26/2025,1748.837402,1757.148902,1734.170049,1747.859579,3299500
5/27/2025,1769.371704,1769.371704,1746.881763,1751.77088,3275900
5/28/2025,1784.527954,1798.706395,1779.638836,1786.972513,4827800
5/29/2025,1824.129761,1828.041055,1785.994644,1785.994644,5086100
5/30/2025,1811.418213,1811.418213,1784.528064,1786.483711,12458400
6/2/2025,1779.638794,1786.483559,1766.927088,1783.061176,4990700
6/3/2025,1699.457397,1765.46049,1699.457397,1761.549195,10105200
6/4/2025,1676.967407,1705.32429,1666.211348,1702.879732,8415700
6/5/2025,1626.120605,1662.78899,1582.118545,1662.300078,15981700
6/6/2025,1642.74353,1658.388707,1620.253589,1622.209236,8296400
6/9/2025,1663.766724,1680.878635,1659.85543,1664.255635,5386900
6/10/2025,1667.189087,1684.78991,1659.855411,1665.23344,4036300
6/11/2025,1664.255615,1669.144733,1654.47738,1658.877586,3719000
6/12/2025,1646.654785,1663.277785,1639.810021,1657.410844,4946400
6/13/2025,1653.499634,1681.367605,1627.098398,1661.811134,9661600
6/16/2025,1664.255615,1684.789909,1659.366498,1676.967321,5136900
6/17/2025,1671.589355,1674.522826,1653.010708,1661.81112,4531000
6/18/2025,1689.679077,1692.123636,1657.4109,1659.366547,4415100
6/19/2025,1688.701172,1694.079201,1675.989466,1680.389672,4023700
6/20/2025,1658.877686,1687.723481,1658.877686,1673.056127,8339100
6/23/2025,1660.34436,1671.589331,1650.077213,1670.122596,3693900
6/24/2025,1663.766724,1683.812106,1657.410871,1681.367547,3486600
6/25/2025,1692.612549,1694.079284,1661.811107,1667.678049,3973500
6/26/2025,1688.701172,1700.435054,1653.010614,1658.877555,5337700
6/27/2025,1712.657837,1727.325189,1683.323132,1706.301984,9681900
6/30/2025,1704.346436,1739.059171,1694.5682,1739.059171,7060800
7/1/2025,1635.898804,1685.278893,1631.98751,1685.278893,7660700
7/2/2025,1619.764648,1637.365472,1604.119472,1618.297913,6809200
7/3/2025,1637.365479,1645.676978,1606.564038,1619.764655,8151400
7/4/2025,1620.25354,1641.276745,1611.453129,1632.476334,5685900
7/7/2025,1605.097412,1621.231501,1596.785912,1617.320207,3638300
7/8/2025,1618.786865,1631.498571,1605.097336,1605.586247,6024600
7/9/2025,1642.74353,1644.699177,1629.054001,1638.343324,5492000
7/10/2025,1615.364502,1644.699208,1608.030825,1643.721385,6194200
7/11/2025,1629.542969,1650.077264,1622.209292,1644.699234,5961100
7/14/2025,1637.85437,1651.543899,1633.454164,1637.365458,3749500
7/15/2025,1624.164917,1641.765741,1621.720358,1632.965329,4559500
7/16/2025,1616.831177,1651.055,1610.475324,1644.210235,7261500
7/17/2025,1615.853394,1615.853394,1598.741482,1601.674952,8506400
7/18/2025,1586.518677,1614.386647,1583.096294,1609.986441,10089800
7/22/2025,1598.741455,1598.741455,1573.806955,1584.074102,6430900
7/23/2025,1660.34436,1678.923007,1619.275772,1626.120537,19342800
7/24/2025,1662.300049,1683.812167,1644.699225,1678.923049,10616800
7/25/2025,1618.786865,1648.610483,1607.541895,1645.677012,8572800
7/28/2025,1646.654785,1649.099344,1609.497492,1618.297903,7783000
7/29/2025,1619.275757,1641.765698,1610.964257,1633.454198,4660100
7/30/2025,1641.276733,1648.61041,1625.142646,1629.05394,6540300
7/31/2025,1629.542969,1658.877676,1620.253645,1650.077264,6014100
8/1/2025,1652.032959,1663.27793,1638.343429,1642.743635,6316800
8/4/2025,1658.388672,1658.388672,1618.297908,1629.053967,6377300
8/5/2025,1689.679077,1720.480519,1632.965312,1664.744577,13833100
8/6/2025,1710.213379,1728.303114,1675.011731,1710.213379,12421900
8/7/2025,1726.347412,1742.4815,1697.99053,1706.790942,6821600
8/8/2025,1761.549072,1782.572278,1729.280896,1740.525867,10526400
8/12/2025,1799.684204,1816.307204,1772.794057,1784.527939,7719800
8/13/2025,1788.439331,1823.64098,1783.061301,1815.818391,6608500
8/14/2025,1747.370728,1779.638905,1734.170109,1779.638905,5907500
8/15/2025,1744.437256,1763.015904,1738.570314,1750.304197,4118900
8/18/2025,1922.401001,1922.401001,1798.217416,1822.663004,16932100
8/19/2025,1931.69043,1931.69043,1872.532105,1878.887958,8691000
8/20/2025,1936.090576,1964.447458,1919.467576,1936.090576,9676100
8/21/2025,1926.312256,1930.712462,1894.044081,1922.400962,5517200
8/22/2025,1938.535156,1943.424274,1894.533097,1917.51195,4052800
8/25/2025,1927.290161,1980.092631,1920.445396,1960.536161,4268200
8/26/2025,1893.066406,1918.489819,1884.265994,1914.089613,5506400
8/27/2025,1894.044189,1920.445425,1894.044189,1906.266984,5135700
8/28/2025,1920.445435,1937.557347,1894.044199,1905.28917,4326600
8/29/2025,1927.290161,1940.97969,1903.822397,1907.244779,5882100
9/1/2025,1933.157227,1940.490903,1893.06646,1915.06749,3352100
9/2/2025,1967.869873,1971.292255,1931.20149,1944.89102,5918500
9/3/2025,1956.135986,1988.404163,1952.224692,1954.180339,5599500
9/4/2025,1956.135986,1986.448516,1956.135986,1965.42531,4870700
9/5/2025,1974.22583,1999.649243,1955.647182,1964.447594,7580700
9/8/2025,2008.449585,2012.849791,1965.91426,1999.160261,6495000
9/9/2025,2044.62915,2057.829769,2021.161384,2033.384179,7723600
9/10/2025,2027.51709,2060.76309,2014.805384,2030.939472,6839000
9/11/2025,2016.272095,2018.227742,1998.18236,2012.360801,4159600
9/12/2025,2037.295288,2060.763052,2027.028141,2042.184406,7428900
9/16/2025,2032.895142,2058.318554,2020.183436,2054.40726,4382400
9/17/2025,2046.095703,2048.540262,2017.249909,2033.872909,5350800
9/18/2025,2072.008057,2103.787321,2067.118939,2082.764115,5430700
9/19/2025,2084.719971,2109.654473,2058.807645,2083.742147,8710900
9/22/2025,2094.498047,2109.1654,2079.830694,2080.319605,4519800
9/24/2025,2156.589844,2208.903404,2102.320637,2127.744049,13908100
9/25/2025,2151.21167,2198.147197,2142.90017,2181.035286,6491900
9/26/2025,2176.635254,2188.369137,2142.411429,2164.901371,8953700
9/29/2025,2143.55127,2162.809159,2122.318212,2153.42711,6054700
9/30/2025,2133.675293,2143.551133,2104.541564,2132.687709,6936200
10/1/2025,2127.749756,2155.402108,2102.566364,2139.106972,6720200
10/2/2025,2098.616211,2129.72511,2090.715538,2119.355477,7611200
10/3/2025,2161.821533,2162.809117,2105.529241,2117.874042,4530300
10/6/2025,2210.706787,2236.877763,2193.424067,2226.014339,7192700
10/7/2025,2261.567383,2261.567383,2214.16335,2225.520566,6412800
10/8/2025,2259.592285,2280.33155,2232.927516,2248.235069,9066300
10/9/2025,2245.766113,2285.763267,2229.964769,2271.93709,7147700
10/10/2025,2209.225586,2255.148246,2204.781458,2227.495891,7280700
10/14/2025,2158.858643,2209.225427,2140.094546,2158.858643,6958800
10/15/2025,2184.535889,2191.448977,2165.278,2189.473809,4547700
10/16/2025,2200.337158,2210.70679,2185.523398,2201.324742,3847600
10/17/2025,2182.560791,2191.449048,2162.80911,2165.27807,3632000
10/20/2025,2211.200684,2235.890285,2206.262763,2227.989612,3230200
10/21/2025,2241.322021,2241.815814,2222.557924,2236.384101,3666500
10/22/2025,2276.875,2312.428025,2254.160567,2290.701177,5243700
10/23/2025,2246.753662,2276.874975,2238.85299,2264.036383,3849200
10/24/2025,2267.49292,2272.924632,2247.741239,2251.197784,3829200
10/27/2025,2289.219727,2322.797583,2277.368718,2310.946575,4431500
10/28/2025,2253.173096,2298.108172,2241.815879,2294.157835,4646900
10/29/2025,2249.222656,2269.961921,2221.076511,2269.961921,3872300
10/30/2025,2259.098633,2262.555177,2210.707012,2251.691752,16301200
10/31/2025,2279.343994,2279.343994,2234.902712,2246.75372,6267100
11/4/2025,2189.473877,2257.617178,2170.215988,2180.58562,10351200
11/5/2025,2158.36499,2197.374561,2113.923707,2146.513981,10091800
11/6/2025,2101.578857,2197.37451,1991.957028,2194.411758,15945600
11/7/2025,2181.079346,2212.682035,2126.268432,2166.265585,8490100
11/10/2025,2206.756592,2208.237968,2169.228397,2182.06699,4380300
11/11/2025,2197.868408,2240.828316,2188.486359,2237.865564,3520200
11/12/2025,2257.123291,2283.78806,2215.644762,2224.533018,5154700
11/13/2025,2285.269531,2288.232283,2251.691673,2251.691673,4432800
11/14/2025,2314.40332,2314.40332,2257.617235,2285.763382,5543200
11/17/2025,2257.123291,2301.07078,2252.679163,2283.294268,5157400
11/18/2025,2227.49585,2269.468172,2222.557929,2251.691659,5289100
11/19/2025,2243.791016,2277.862666,2217.126246,2219.101414,4877800
11/20/2025,2254.654297,2308.477625,2254.654297,2293.170073,4801900
11/21/2025,2328.723145,2328.723145,2241.321958,2248.728838,14007100
11/25/2025,2386.496826,2386.496826,2339.586584,2369.214106,6843600
11/26/2025,2421.062256,2431.92568,2372.670638,2412.174,6068800
11/27/2025,2417.605713,2442.295314,2407.236081,2426.000177,4438100
11/28/2025,2410.692627,2425.012595,2400.322995,2421.556051,4855900
12/1/2025,2400.322998,2441.801528,2381.065109,2420.568471,5101200
12/2/2025,2372.177002,2420.568623,2372.177002,2405.754861,5483500
12/3/2025,2338.599121,2384.027989,2323.78536,2382.052821,4613100
12/4/2025,2326.748047,2345.018352,2304.527406,2332.179759,6245900
12/5/2025,2264.530273,2313.909477,2251.691681,2310.946725,7970900
12/8/2025,2301.564697,2318.353627,2260.579958,2265.024086,7045100
12/9/2025,2295.145264,2315.884528,2262.554991,2309.959024,6873900
12/10/2025,2258.604736,2304.033603,2253.666816,2301.070851,7393400
12/11/2025,2258.604736,2284.281922,2244.77856,2279.837794,5346900
12/12/2025,2277.368896,2287.738529,2192.436665,2214.657307,11092500
12/15/2025,2295.145264,2313.415568,2253.666735,2253.666735,6546600
12/16/2025,2296.626709,2337.611447,2271.937108,2306.008757,7524700
12/17/2025,2303.539795,2308.971507,2278.356402,2301.070835,5260300
12/18/2025,2303.539795,2310.946675,2274.406065,2306.008755,5443400
12/19/2025,2303.539795,2315.884596,2281.812946,2302.058419,9512200
12/22/2025,2326.25415,2349.462375,2301.070758,2301.070758,5198600
12/23/2025,2293.664063,2325.760546,2286.257182,2306.996448,6477600
12/24/2025,2291.688721,2301.564561,2278.356336,2298.108017,4126100
12/25/2025,2306.996338,2315.390802,2297.614289,2305.514962,1720300
12/26/2025,2287.244629,2308.477686,2282.800501,2299.589429,2255300
12/29/2025,2289.219727,2303.539695,2276.381134,2285.269391,3508600
12/30/2025,2305.514893,2305.514893,2281.319084,2282.80046,3676600
1/5/2026,2361.807373,2400.323153,2322.304009,2323.291593,5991000
1/6/2026,2340.080322,2408.717411,2301.070754,2358.350627,6334600
1/7/2026,2276.381348,2297.614406,2255.642082,2275.887556,7226600
1/8/2026,2265.517822,2277.368831,2248.235101,2255.641982,5938000
1/9/2026,2271.443359,2279.837824,2240.828253,2270.455775,7838800
1/13/2026,2313.909424,2324.279056,2297.120495,2304.033583,9092500
1/14/2026,2359.338379,2371.68318,2312.921927,2328.22948,7746900
1/15/2026,2343.043213,2363.288686,2307.983978,2343.537005,6764100
1/16/2026,2330.698486,2355.388089,2304.527508,2306.996468,5228500
1/19/2026,2301.564697,2305.515034,2261.567542,2283.788184,3920300
1/20/2026,2271.443359,2318.353603,2266.505439,2318.353603,5063100
1/21/2026,2255.148193,2276.381251,2231.939968,2231.939968,5424300
1/22/2026,2244.778564,2293.170183,2241.815812,2288.232263,5694800
1/23/2026,2234.408936,2265.517833,2234.408936,2261.567497,5907700
1/26/2026,2155.4021,2183.054452,2124.293203,2172.68482,7263700
1/27/2026,2080.345703,2143.057287,2074.420199,2142.069703,10409100
1/28/2026,2031.954224,2053.187281,2019.609423,2049.236945,8618200
1/29/2026,2062.569336,2070.470009,1999.857747,2046.274199,9797500
1/30/2026,2080.345703,2097.628423,2076.889159,2088.246375,8947500
2/2/2026,2069.482422,2157.871196,2061.087957,2157.871196,7541800
2/3/2026,2132.194092,2138.119596,2094.665896,2136.63822,8544400
2/4/2026,2154.414551,2165.771767,2126.268406,2142.563542,7167600
2/5/2026,2190.461426,2281.319159,2157.871152,2200.337266,17443000
2/6/2026,2279.343994,2281.319162,2160.833908,2174.166293,9658300
2/9/2026,2232.92749,2328.723141,2225.52061,2328.723141,9907500
2/10/2026,2356.375488,2367.238913,2256.629502,2270.455678,10870800
2/12/2026,2323.7854,2335.142618,2274.899987,2322.304024,10309200
2/13/2026,2352.425293,2371.683183,2328.723275,2340.574284,8350100
2/16/2026,2320.328857,2378.102528,2320.328857,2370.201855,4278000
2/17/2026,2279.343994,2320.328732,2279.343994,2304.033595,9615200
2/18/2026,2301.070801,2326.254194,2290.207376,2293.663921,8865200
2/19/2026,2357.856934,2372.176902,2281.319169,2308.477731,6126300
2/20/2026,2265.517822,2330.69837,2247.247517,2308.477729,7615700
2/24/2026,2224.533203,2247.247638,2219.101491,2222.064243,6803100
2/25/2026,2237.865479,2259.098536,2224.533094,2231.939974,6518200
2/26/2026,2277.862549,2292.182517,2255.641908,2259.098452,4307900
2/27/2026,2341.068115,2351.437748,2282.306861,2294.15787,9255900
3/2/2026,2236.87793,2256.629611,2209.225576,2242.309642,7446100
3/3/2026,2075.407959,2214.163523,2075.407959,2206.262851,9758000
3/4/2026,2055.162354,2055.162354,2007.264528,2032.941713,9715100
3/5/2026,2055.65625,2117.380255,2044.792825,2116.392671,9093000
3/6/2026,2096.147217,2096.147217,2031.460459,2044.299052,7407900
3/9/2026,2018.128052,2024.547348,1975.168145,1975.168145,9211500
3/10/2026,2038.86731,2069.976208,2024.547341,2038.86731,7682100
3/11/2026,2068.494873,2118.36787,2063.556953,2087.752763,6057800
3/12/2026,2011.214966,2045.286616,1991.463284,2043.80524,7007900
3/13/2026,1939.121338,1981.093661,1925.788953,1935.664794,12853700
3/16/2026,1876.409668,1920.85095,1867.521412,1910.975109,9577400
3/17/2026,1910.481323,1928.751628,1895.173771,1910.975115,6230300
3/18/2026,1951.959839,1951.959839,1921.838526,1922.332318,5793600
3/19/2026,1895.173828,1927.27031,1878.384899,1921.838598,9389800
3/23/2026,1858.633179,1858.633179,1797.402968,1800.859512,8374200
3/24/2026,1894.680054,1922.8262,1869.49666,1920.35724,6214800
3/25/2026,1918.875854,1951.959921,1916.900686,1950.972337,6336900
3/26/2026,1921.344727,1932.701943,1905.04959,1917.888182,4828200
3/27/2026,1909,1917.888257,1889.248319,1899.124159,7987000
3/30/2026,1865,1866.5,1837,1850,7380100
3/31/2026,1875.5,1921.5,1859,1865,8684400
4/1/2026,1897.5,1936,1878,1935.5,8779400
4/2/2026,1860.5,1935,1856.5,1935,6895900
4/3/2026,1832.5,1849,1827.5,1839,9691700
4/6/2026,1803,1832,1803,1820,9107400
4/7/2026,1744,1748.5,1670,1683,23078600
4/8/2026,1853,1853,1785,1816.5,16377400
4/9/2026,1842,1868,1832,1844,11184100
4/10/2026,1826,1840.5,1808.5,1815,9912100
4/13/2026,1817,1839.5,1796.5,1800,8925800
